timestamp,open,high,low,close,volume,symbol,ny_time,hour,minute,in_kill_zone,body,body_abs,upper_wick,lower_wick,range,body_pct,hammer,bullish_engulfing,piercing,shooting_star,bearish_engulfing,dark_cloud,doji,next_return,next_high_return,next_low_return,recent_swing_high,recent_swing_low,prev_swing_high,prev_swing_low,trend_up,trend_down,bullish_choch,bearish_choch,next_close,forward_return_short,year,month
2022-01-20 14:20:00+00:00,-1.8,-1.8,-1.8,-1.8,1,NQH2-NQM2,2022-01-20 09:20:00-05:00,14,20,True,0.0,0.0,0.0,0.0,0.0,,False,False,False,False,False,False,False,2.77777777777778,-8.333333333333341,2.77777777777778,-0.75,-1.8,-0.75,-1.75,False,True,False,True,-1.85,-2.77777777777778,2022,1
2022-01-21 14:40:00+00:00,14748.75,14757.75,14668.25,14671.25,16765,NQH2,2022-01-21 09:40:00-05:00,14,40,True,-77.5,77.5,9.0,3.0,89.5,0.8659217877094972,False,False,False,False,False,False,False,0.3680667973076595,0.6424128823379058,-0.0119280906534889,14964.0,14668.25,14980.5,14672.75,True,True,False,True,14725.25,-0.3680667973076595,2022,1
2022-01-21 14:50:00+00:00,14724.5,14741.0,14652.5,14657.5,12904,NQH2,2022-01-21 09:50:00-05:00,14,50,True,-67.0,67.0,16.5,5.0,88.5,0.7570621468926554,False,False,False,False,False,False,False,-0.0511683438512706,0.2046733754050827,-0.1790892034794473,14921.0,14652.5,14949.0,14668.25,True,True,False,True,14650.0,0.051168343851270684,2022,1
2022-01-21 14:55:00+00:00,14657.25,14687.5,14631.25,14650.0,13971,NQH2,2022-01-21 09:55:00-05:00,14,55,True,-7.25,7.25,30.25,18.75,56.25,0.1288888888888889,False,False,False,False,False,False,False,-0.1689419795221843,0.2098976109215017,-0.2969283276450511,14896.75,14631.25,14921.0,14652.5,False,True,False,True,14625.25,0.1689419795221843,2022,1
2022-01-25 14:45:00+00:00,14178.0,14178.0,14118.0,14129.0,32,NQM2,2022-01-25 09:45:00-05:00,14,45,True,-49.0,49.0,0.0,11.0,60.0,0.8166666666666667,False,False,False,False,False,False,False,-0.352112676056338,-0.038927029513766,-0.3627291386510015,14515.25,14118.0,14515.25,14145.5,False,True,False,True,14079.25,0.35211267605633806,2022,1
2022-01-25 14:45:00+00:00,14210.25,14218.0,14105.25,14117.75,17382,NQH2,2022-01-25 09:45:00-05:00,14,45,True,-92.5,92.5,7.75,12.5,112.75,0.8203991130820399,False,False,False,False,False,False,False,-0.3364558800092082,0.2195817322165359,-0.386038851800039,14522.0,14105.25,14522.0,14143.75,False,True,False,True,14070.25,0.33645588000920823,2022,1
2022-02-17 14:30:00+00:00,4.55,4.55,4.3,4.3,30,NQH2-NQM2,2022-02-17 09:30:00-05:00,14,30,True,-0.25,0.25,0.0,0.0,0.25,1.0,False,False,False,False,False,False,False,15.116279069767453,15.116279069767453,9.302325581395356,5.45,4.3,5.45,4.55,False,True,False,True,4.95,-15.116279069767453,2022,2
2022-02-17 14:45:00+00:00,14455.0,14455.0,14421.5,14421.5,9,NQM2,2022-02-17 09:45:00-05:00,14,45,True,-33.5,33.5,0.0,0.0,33.5,1.0,False,False,False,False,False,False,False,-0.2444267239884894,-0.0797420517976632,-0.2444267239884894,14636.75,14421.5,14636.75,14451.5,False,True,False,True,14386.25,0.2444267239884894,2022,2
2022-02-17 14:45:00+00:00,14475.75,14481.0,14411.0,14429.25,12925,NQH2,2022-02-17 09:45:00-05:00,14,45,True,-46.5,46.5,5.25,18.25,70.0,0.6642857142857143,False,False,False,False,False,False,False,-0.2893428279363099,0.0155933260564478,-0.3690420500025989,14645.0,14411.0,14645.0,14446.25,True,True,False,True,14387.5,0.28934282793630994,2022,2
2022-02-17 14:50:00+00:00,14430.5,14431.5,14376.0,14387.5,13179,NQH2,2022-02-17 09:50:00-05:00,14,50,True,-43.0,43.0,1.0,11.5,55.5,0.7747747747747747,False,False,False,False,False,False,False,0.1112076455256298,0.156385751520417,-0.0399652476107732,14645.0,14376.0,14645.0,14411.0,False,True,False,True,14403.5,-0.11120764552562988,2022,2
2022-03-02 14:40:00+00:00,-0.55,-0.45,-1.3,-1.3,29,NQH2-NQM2,2022-03-02 09:40:00-05:00,14,40,True,-0.75,0.75,0.1,0.0,0.8500000000000001,0.8823529411764705,False,False,False,False,False,False,False,-19.23076923076923,-38.46153846153846,-0.0,-0.2,-1.3,-0.2,-1.15,True,True,False,True,-1.05,19.23076923076923,2022,3
2022-03-04 14:45:00+00:00,13902.25,13910.5,13838.25,13843.5,10340,NQH2,2022-03-04 09:45:00-05:00,14,45,True,-58.75,58.75,8.25,5.25,72.25,0.8131487889273357,False,False,False,False,False,False,False,0.1336367248167009,0.216708202405461,-0.0686242640950626,14039.5,13838.25,14039.5,13880.25,False,True,False,True,13862.0,-0.13363672481670097,2022,3
2022-03-04 14:45:00+00:00,13906.5,13906.5,13845.0,13851.25,21,NQM2,2022-03-04 09:45:00-05:00,14,45,True,-55.25,55.25,0.0,6.25,61.5,0.8983739837398373,False,False,False,False,False,False,False,0.0198538038083205,0.1155130403393195,-0.0180489125530186,14035.5,13845.0,14035.5,13880.0,False,True,False,True,13854.0,-0.01985380380832055,2022,3
2022-03-07 14:45:00+00:00,13753.25,13776.25,13721.0,13740.0,86,NQM2,2022-03-07 09:45:00-05:00,14,45,True,-13.25,13.25,23.0,19.0,55.25,0.2398190045248869,False,False,False,False,False,False,False,0.0036390101892285,0.1455604075691412,-0.1764919941775837,13875.5,13721.0,13875.5,13747.5,False,True,False,True,13740.5,-0.0036390101892285302,2022,3
2022-03-07 14:45:00+00:00,13757.75,13780.25,13723.75,13742.0,11114,NQH2,2022-03-07 09:45:00-05:00,14,45,True,-15.75,15.75,22.5,18.25,56.5,0.2787610619469026,False,False,False,False,False,False,False,0.014553922282055,0.1728278270994033,-0.1982971910929995,13879.75,13723.75,13879.75,13744.0,False,True,False,True,13744.0,-0.014553922282055013,2022,3
2022-03-08 14:30:00+00:00,13284.25,13312.5,13235.0,13239.75,821,NQM2,2022-03-08 09:30:00-05:00,14,30,True,-44.5,44.5,28.25,4.75,77.5,0.5741935483870968,False,False,False,False,False,False,False,0.0283237976547895,0.8327196510508129,-0.0566475953095791,13420.25,13235.0,13420.25,13254.0,True,True,False,True,13243.5,-0.028323797654789554,2022,3
2022-03-08 14:30:00+00:00,13286.25,13315.0,13235.0,13241.75,18463,NQH2,2022-03-08 09:30:00-05:00,14,30,True,-44.5,44.5,28.75,6.75,80.0,0.55625,False,False,False,False,False,False,False,0.0434232635414503,0.8514735590084391,-0.0623029433420809,13424.0,13235.0,13424.0,13247.0,True,True,False,True,13247.5,-0.04342326354145033,2022,3
2022-04-07 14:40:00+00:00,14491.75,14495.75,14478.0,14488.0,7,NQU2,2022-04-07 10:40:00-04:00,14,40,True,-3.75,3.75,4.0,10.0,17.75,0.2112676056338028,False,False,False,False,False,False,False,-0.1242407509663169,-0.0552181115405853,-0.1242407509663169,14609.0,14478.0,14609.0,14491.5,False,True,False,True,14470.0,0.12424075096631695,2022,4
2022-04-07 14:40:00+00:00,14490.25,14490.25,14440.25,14449.0,9534,NQM2,2022-04-07 10:40:00-04:00,14,40,True,-41.25,41.25,0.0,8.75,50.0,0.825,False,False,False,False,False,False,False,-0.0519067063464599,0.0743996124299259,-0.1626410132189079,14608.0,14440.25,14608.0,14451.25,False,True,False,True,14441.5,0.051906706346459955,2022,4
2022-04-27 14:15:00+00:00,13030.0,13030.0,12986.75,13017.0,18,NQU2,2022-04-27 10:15:00-04:00,14,15,True,-13.0,13.0,0.0,30.25,43.25,0.3005780346820809,False,False,False,False,False,False,False,0.2151033264192978,0.3322578167012368,0.0192056541445801,13262.25,12986.75,13262.25,13041.0,False,True,False,True,13045.0,-0.21510332641929783,2022,4
2022-04-27 14:15:00+00:00,13005.75,13010.0,12945.5,12980.25,16105,NQM2,2022-04-27 10:15:00-04:00,14,15,True,-25.5,25.5,4.25,34.75,64.5,0.3953488372093023,False,False,False,False,False,False,False,0.1810442788081893,0.4314246643939832,-0.0500760771171587,13255.25,12945.5,13255.25,12992.0,False,True,False,True,13003.75,-0.18104427880818935,2022,4
2022-05-06 14:55:00+00:00,34.9,35.9,34.4,34.4,13,NQM2-NQU2,2022-05-06 10:55:00-04:00,14,55,True,-0.5,0.5,1.0,0.0,1.5,0.3333333333333333,False,False,False,False,False,False,False,2.6162790697674376,3.052325581395362,2.6162790697674376,36.5,34.4,36.5,34.45,True,True,False,True,35.3,-2.6162790697674376,2022,5
2022-06-07 14:15:00+00:00,29.3,29.35,29.0,29.0,121,NQM2-NQU2,2022-06-07 10:15:00-04:00,14,15,True,-0.3000000000000007,0.3000000000000007,0.0500000000000007,0.0,0.3500000000000014,0.8571428571428557,False,False,False,False,False,False,False,0.0,0.0,0.0,30.25,29.0,30.25,29.15,True,True,False,True,29.0,0.0,2022,6
2022-06-13 14:10:00+00:00,11478.25,11494.0,11438.25,11441.5,7381,NQM2,2022-06-13 10:10:00-04:00,14,10,True,-36.75,36.75,15.75,3.25,55.75,0.6591928251121076,False,False,False,False,False,False,False,-0.2774985797316785,0.0131101691211816,-0.3539745662719049,11575.25,11438.25,11575.25,11462.0,True,True,False,True,11409.75,0.2774985797316785,2022,6
2022-06-13 14:10:00+00:00,11506.5,11523.5,11467.0,11470.25,7976,NQU2,2022-06-13 10:10:00-04:00,14,10,True,-36.25,36.25,17.0,3.25,56.5,0.6415929203539823,False,False,False,False,False,False,False,-0.2811621368322399,0.0130773086898716,-0.3574464375231577,11604.5,11467.0,11604.5,11490.0,True,True,False,True,11438.0,0.28116213683223995,2022,6
2022-06-13 14:15:00+00:00,11469.75,11471.75,11429.25,11438.0,9131,NQU2,2022-06-13 10:15:00-04:00,14,15,True,-31.75,31.75,2.0,8.75,42.5,0.7470588235294118,False,False,False,False,False,False,False,-0.1945270152124497,0.1857842280118902,-0.2054554992131491,11604.5,11429.25,11604.5,11467.0,False,True,False,True,11415.75,0.19452701521244972,2022,6
2022-06-13 14:15:00+00:00,11441.5,11443.0,11401.0,11409.75,7810,NQM2,2022-06-13 10:15:00-04:00,14,15,True,-31.75,31.75,1.5,8.75,42.0,0.7559523809523809,False,False,False,False,False,False,False,-0.2125375227327505,0.1774797870242555,-0.2125375227327505,11575.25,11401.0,11575.25,11438.25,False,True,False,True,11385.5,0.2125375227327505,2022,6
2022-07-26 14:30:00+00:00,72.65,72.65,71.95,71.95,28,NQU2-NQZ2,2022-07-26 10:30:00-04:00,14,30,True,-0.7000000000000028,0.7000000000000028,0.0,0.0,0.7000000000000028,1.0,False,False,False,False,False,False,False,0.7644197359277236,0.7644197359277236,0.5559416261292446,73.55,71.95,73.85,72.0,False,True,False,True,72.5,-0.7644197359277236,2022,7
2022-07-26 14:40:00+00:00,71.85,71.85,71.65,71.65,6,NQU2-NQZ2,2022-07-26 10:40:00-04:00,14,40,True,-0.1999999999999886,0.1999999999999886,0.0,0.0,0.1999999999999886,1.0,False,False,False,False,False,False,False,0.0,0.0,0.0,73.45,71.65,73.45,71.95,False,True,False,True,71.65,0.0,2022,7
2022-08-04 14:15:00+00:00,13365.0,13365.0,13307.5,13307.5,6,NQZ2,2022-08-04 10:15:00-04:00,14,15,True,-57.5,57.5,0.0,0.0,57.5,1.0,False,False,False,False,False,False,False,0.2442231824159308,0.2442231824159308,0.1559271087732481,13415.25,13307.5,13415.25,13325.0,True,True,False,True,13340.0,-0.24422318241593086,2022,8
2022-08-10 14:15:00+00:00,13283.75,13294.5,13256.75,13258.25,8110,NQU2,2022-08-10 10:15:00-04:00,14,15,True,-25.5,25.5,10.75,1.5,37.75,0.6754966887417219,False,False,False,False,False,False,False,0.0942809194275262,0.1866762204665019,-0.154620707861143,13368.5,13256.75,13368.5,13268.5,False,True,False,True,13270.75,-0.09428091942752626,2022,8
2022-08-17 14:10:00+00:00,13518.25,13526.75,13478.5,13483.75,10718,NQU2,2022-08-17 10:10:00-04:00,14,10,True,-34.5,34.5,8.5,5.25,48.25,0.7150259067357513,False,False,False,False,False,False,False,0.016686752572541,0.0760174283860202,-0.1353481041994993,13565.75,13478.5,13565.75,13484.5,False,True,False,True,13486.0,-0.01668675257254102,2022,8
2022-08-17 14:20:00+00:00,81.0,81.0,80.0,80.0,3,NQU2-NQZ2,2022-08-17 10:20:00-04:00,14,20,True,-1.0,1.0,0.0,0.0,1.0,1.0,False,False,False,False,False,False,False,0.9999999999999964,0.9999999999999964,0.9999999999999964,81.85,80.0,81.85,80.15,False,True,False,True,80.8,-0.9999999999999963,2022,8
2022-08-26 14:35:00+00:00,13131.5,13131.5,13060.75,13060.75,3,NQH3,2022-08-26 10:35:00-04:00,14,35,True,-70.75,70.75,0.0,0.0,70.75,1.0,False,False,False,False,False,False,False,0.3273165782975709,0.3273165782975709,0.3273165782975709,13820.0,13060.75,13820.0,13075.5,False,True,False,True,13103.5,-0.32731657829757094,2022,8
2022-09-01 14:00:00+00:00,12182.75,12203.0,12118.0,12132.5,17633,NQU2,2022-09-01 10:00:00-04:00,14,0,True,-50.25,50.25,20.25,14.5,85.0,0.5911764705882353,False,False,False,False,False,False,False,0.0535751081805069,0.2184215948897589,-0.0515145270966412,12328.0,12118.0,12370.0,12140.5,True,True,False,True,12139.0,-0.053575108180506904,2022,9
2022-09-15 14:30:00+00:00,12111.5,12127.75,12092.75,12105.5,12900,NQZ2,2022-09-15 10:30:00-04:00,14,30,True,-6.0,6.0,16.25,12.75,35.0,0.1714285714285714,False,False,False,False,False,False,False,0.132171327082731,0.2498864152657882,-0.024782123828012,12234.0,12092.75,12234.0,12106.75,False,True,False,True,12121.5,-0.132171327082731,2022,9
2022-09-15 14:30:00+00:00,12035.5,12051.25,12016.5,12028.75,2581,NQU2,2022-09-15 10:30:00-04:00,14,30,True,-6.75,6.75,15.75,12.25,34.75,0.1942446043165467,False,False,False,False,False,False,False,0.1350930063389795,0.2514808271848696,-0.0166268315494128,12155.75,12016.5,12155.75,12031.25,False,True,False,True,12045.0,-0.13509300633897953,2022,9
2022-10-05 14:05:00+00:00,11433.25,11447.0,11421.25,11423.25,10688,NQZ2,2022-10-05 10:05:00-04:00,14,5,True,-10.0,10.0,13.75,2.0,25.75,0.3883495145631068,False,False,False,False,False,False,False,0.0765981660210535,0.2779419167049657,-0.0131311141750377,11539.0,11421.25,11646.75,11429.75,False,True,False,True,11432.0,-0.07659816602105356,2022,10
2022-10-06 14:00:00+00:00,11736.5,11740.0,11700.0,11700.0,15,NQH3,2022-10-06 10:00:00-04:00,14,0,True,-36.5,36.5,3.5,0.0,40.0,0.9125,False,False,False,False,False,False,False,-0.1709401709401709,-0.1709401709401709,-0.235042735042735,11829.5,11700.0,11829.5,11703.25,True,True,False,True,11680.0,0.17094017094017094,2022,10
2022-10-06 14:05:00+00:00,11580.75,11581.25,11544.5,11565.25,14038,NQZ2,2022-10-06 10:05:00-04:00,14,5,True,-15.5,15.5,0.5,20.75,36.75,0.4217687074829932,False,False,False,False,False,False,False,-0.1556386589135557,0.0497179049307191,-0.2702060050582564,11721.5,11544.5,11721.5,11568.0,False,True,False,True,11547.25,0.1556386589135557,2022,10
2022-10-06 14:05:00+00:00,11672.5,11680.0,11672.5,11680.0,4,NQH3,2022-10-06 10:05:00-04:00,14,5,True,7.5,7.5,0.0,0.0,7.5,1.0,False,False,False,False,False,False,False,-0.194777397260274,-0.0813356164383561,-0.2675513698630137,11829.5,11672.5,11829.5,11700.0,False,True,False,True,11657.25,0.194777397260274,2022,10
2022-10-24 14:00:00+00:00,11448.75,11448.75,11398.0,11398.0,14,NQH3,2022-10-24 10:00:00-04:00,14,0,True,-50.75,50.75,0.0,0.0,50.75,1.0,False,False,False,False,False,False,False,-0.2632040708896297,0.0,-0.350938761186173,11530.0,11398.0,11530.0,11415.0,False,True,False,True,11368.0,0.26320407088962977,2022,10
2022-10-25 14:40:00+00:00,116.85,117.25,115.8,117.25,32,NQZ2-NQH3,2022-10-25 10:40:00-04:00,14,40,True,0.4000000000000057,0.4000000000000057,0.0,1.0499999999999972,1.4500000000000028,0.2758620689655206,True,False,False,False,False,False,False,1.0660980810234542,1.0660980810234542,1.0660980810234542,119.8,115.8,119.8,117.35,False,True,False,True,118.5,-1.0660980810234542,2022,10
2022-11-01 14:00:00+00:00,116.7,116.7,115.15,115.15,19,NQZ2-NQH3,2022-11-01 10:00:00-04:00,14,0,True,-1.5499999999999972,1.5499999999999972,0.0,0.0,1.5499999999999972,1.0,False,False,False,False,False,False,False,0.2605297438124161,0.5644811115935662,0.2605297438124161,117.65,115.15,117.65,115.45,False,True,False,True,115.45,-0.2605297438124161,2022,11
2022-11-21 14:30:00+00:00,11649.5,11694.0,11632.0,11639.25,15074,NQZ2,2022-11-21 09:30:00-05:00,14,30,True,-10.25,10.25,44.5,7.25,62.0,0.1653225806451612,False,False,False,True,False,False,False,0.0300706660652533,0.1181347595420667,-0.0945078076336533,11741.25,11632.0,11741.25,11639.5,True,True,False,True,11642.75,-0.030070666065253347,2022,11
2022-11-22 14:35:00+00:00,11593.25,11602.25,11550.75,11552.0,11003,NQZ2,2022-11-22 09:35:00-05:00,14,35,True,-41.25,41.25,9.0,1.25,51.5,0.8009708737864077,False,False,False,False,False,False,False,-0.1233552631578947,0.0779085872576177,-0.2142486149584487,11642.0,11550.75,11642.0,11577.0,False,True,False,True,11537.75,0.12335526315789473,2022,11
2022-11-22 14:35:00+00:00,11716.25,11717.25,11671.0,11671.0,4,NQH3,2022-11-22 09:35:00-05:00,14,35,True,-45.25,45.25,1.0,0.0,46.25,0.9783783783783784,False,False,False,False,False,False,False,-0.1071030760003427,-0.0085682460800274,-0.1799331676805758,11755.25,11671.0,11755.25,11698.0,True,True,False,True,11658.5,0.10710307600034273,2022,11
2022-11-22 14:40:00+00:00,11670.0,11670.0,11650.0,11658.5,8,NQH3,2022-11-22 09:40:00-05:00,14,40,True,-11.5,11.5,0.0,8.5,20.0,0.575,False,False,False,False,False,False,False,-0.0321653729038898,0.068619462194965,-0.0729081785821503,11755.25,11650.0,11755.25,11671.0,False,True,False,True,11654.75,0.03216537290388987,2022,11
2022-12-16 14:05:00+00:00,108.7,108.9,105.0,105.6,71,NQZ2-NQH3,2022-12-16 09:05:00-05:00,14,5,True,-3.1000000000000085,3.1000000000000085,0.2000000000000028,0.5999999999999943,3.9000000000000057,0.7948717948717959,False,False,False,False,False,False,False,1.2310606060606168,2.1306818181818183,-0.2840909090909064,111.95,105.0,111.95,106.0,True,True,False,True,106.9,-1.2310606060606168,2022,12
2022-12-30 14:45:00+00:00,10924.25,10930.25,10855.5,10864.75,13238,NQH3,2022-12-30 09:45:00-05:00,14,45,True,-59.5,59.5,6.0,9.25,74.75,0.7959866220735786,False,False,False,False,True,False,False,0.2301019351572746,0.3152396511654663,-0.0253112128673002,11070.0,10855.5,11070.0,10885.25,True,True,False,True,10889.75,-0.23010193515727467,2022,12
2023-01-05 14:30:00+00:00,11010.0,11010.0,10972.0,10987.75,15,NQM3,2023-01-05 09:30:00-05:00,14,30,True,-22.25,22.25,0.0,15.75,38.0,0.5855263157894737,False,False,False,False,False,False,False,-0.056881527155241,0.0659825715000796,-0.1797456258105617,11128.0,10972.0,11128.0,11011.0,False,True,False,True,10981.5,0.056881527155241064,2023,1
2023-02-08 14:50:00+00:00,12715.75,12716.0,12664.0,12681.5,13175,NQH3,2023-02-08 09:50:00-05:00,14,50,True,-34.25,34.25,0.25,17.5,52.0,0.6586538461538461,False,False,False,False,False,False,False,0.1360249181879115,0.2030516894689114,-0.1498245475692938,12818.5,12664.0,12818.5,12683.75,False,True,False,True,12698.75,-0.13602491818791154,2023,2
2023-02-17 14:35:00+00:00,12415.0,12423.75,12361.0,12361.75,12571,NQH3,2023-02-17 09:35:00-05:00,14,35,True,-53.25,53.25,8.75,0.75,62.75,0.848605577689243,False,False,False,False,True,False,False,-0.0950512670131656,0.1172973082290128,-0.1253867777620482,12527.75,12361.0,12557.75,12368.0,True,True,False,True,12350.0,0.09505126701316562,2023,2
2023-02-17 14:40:00+00:00,12362.25,12376.25,12346.25,12350.0,12423,NQH3,2023-02-17 09:40:00-05:00,14,40,True,-12.25,12.25,14.0,3.75,30.0,0.4083333333333333,False,False,False,False,False,False,False,-0.2651821862348178,0.0040485829959514,-0.3076923076923077,12527.75,12346.25,12527.75,12361.0,False,True,False,True,12317.25,0.2651821862348178,2023,2
2023-02-24 14:20:00+00:00,12240.75,12240.75,12240.75,12240.75,1,NQU3,2023-02-24 09:20:00-05:00,14,20,True,0.0,0.0,0.0,0.0,0.0,,False,False,False,False,False,False,False,0.0367624532810489,0.0367624532810489,0.0367624532810489,12660.0,12240.75,12679.75,12370.0,False,True,False,True,12245.25,-0.036762453281048955,2023,2
2023-02-24 14:45:00+00:00,11985.0,11985.25,11955.25,11968.25,14706,NQH3,2023-02-24 09:45:00-05:00,14,45,True,-16.75,16.75,0.25,13.0,30.0,0.5583333333333333,False,False,False,False,False,False,False,0.0835544043615399,0.1211538863242328,-0.0438660622898084,12242.0,11955.25,12242.0,11973.5,False,True,False,True,11978.25,-0.08355440436153991,2023,2
2023-03-21 14:20:00+00:00,12772.25,12778.5,12746.75,12750.25,7625,NQM3,2023-03-21 10:20:00-04:00,14,20,True,-22.0,22.0,6.25,3.5,31.75,0.6929133858267716,False,False,False,False,False,False,False,-0.0039214917354561,0.0372541714868335,-0.1274484814023254,12837.25,12746.75,12837.25,12754.0,False,True,False,True,12749.75,0.003921491735456167,2023,3
2023-04-03 14:50:00+00:00,13207.75,13210.0,13181.25,13190.5,11826,NQM3,2023-04-03 10:50:00-04:00,14,50,True,-17.25,17.25,2.25,9.25,28.75,0.6,False,False,False,False,False,False,False,-0.0852886547136196,0.0473825859520109,-0.0985557787801827,13268.25,13181.25,13268.25,13198.25,False,True,False,True,13179.25,0.08528865471361965,2023,4
2023-05-02 14:05:00+00:00,13274.0,13279.5,13260.5,13264.5,10695,NQM3,2023-05-02 10:05:00-04:00,14,5,True,-9.5,9.5,5.5,4.0,19.0,0.5,False,False,False,False,False,False,False,-0.1847035319838667,0.0226167590184326,-0.2864789475668137,13313.25,13260.5,13318.75,13265.75,False,True,False,True,13240.0,0.18470353198386671,2023,5
2023-05-10 14:45:00+00:00,13480.0,13480.0,13465.75,13465.75,5,NQU3,2023-05-10 10:45:00-04:00,14,45,True,-14.25,14.25,0.0,0.0,14.25,1.0,False,False,False,False,False,False,False,0.0482706124798098,0.0686927946828063,-0.0092828100922711,13577.25,13465.75,13577.25,13480.0,False,True,False,True,13472.25,-0.04827061247980989,2023,5
2023-05-11 14:30:00+00:00,13541.25,13542.0,13516.5,13516.5,7,NQU3,2023-05-11 10:30:00-04:00,14,30,True,-24.75,24.75,0.75,0.0,25.5,0.9705882352941176,False,False,False,False,False,False,False,0.0462397810083971,0.0628861021714201,0.0462397810083971,13601.25,13516.5,13601.25,13525.5,False,True,False,True,13522.75,-0.046239781008397145,2023,5
2023-05-12 14:00:00+00:00,13580.0,13580.0,13565.0,13565.0,7,NQU3,2023-05-12 10:00:00-04:00,14,0,True,-15.0,15.0,0.0,0.0,15.0,1.0,False,False,False,False,False,False,False,-0.0147438260228529,0.0368595650571323,-0.0516033910799852,13632.5,13565.0,13632.5,13578.0,False,True,False,True,13563.0,0.01474382602285293,2023,5
2023-05-24 14:00:00+00:00,13643.25,13650.25,13614.25,13616.75,12069,NQM3,2023-05-24 10:00:00-04:00,14,0,True,-26.5,26.5,7.0,2.5,36.0,0.7361111111111112,False,False,False,False,True,False,False,-0.0844548074981181,0.0073438963041841,-0.1083224704867167,13738.75,13614.25,13754.25,13620.75,True,True,False,True,13605.25,0.08445480749811812,2023,5
2023-05-24 14:00:00+00:00,13800.0,13807.0,13777.0,13777.0,37,NQU3,2023-05-24 10:00:00-04:00,14,0,True,-23.0,23.0,7.0,0.0,30.0,0.7666666666666667,False,False,False,False,False,False,False,-0.101618639761922,-0.0290338970748348,-0.101618639761922,13913.5,13777.0,13913.5,13779.0,True,True,False,True,13763.0,0.10161863976192204,2023,5
2023-05-24 14:05:00+00:00,13773.0,13773.0,13763.0,13763.0,20,NQU3,2023-05-24 10:05:00-04:00,14,5,True,-10.0,10.0,0.0,0.0,10.0,1.0,False,False,False,False,False,False,False,0.0853738283804403,0.0853738283804403,-0.0145317154690111,13898.5,13763.0,13913.5,13777.0,False,True,False,True,13774.75,-0.0853738283804403,2023,5
2023-05-24 14:05:00+00:00,13617.25,13617.75,13602.0,13605.25,10616,NQM3,2023-05-24 10:05:00-04:00,14,5,True,-12.0,12.0,0.5,3.25,15.75,0.7619047619047619,False,False,False,False,False,False,False,0.0790136160673269,0.0918762977527057,-0.0275628893258117,13675.0,13602.0,13738.75,13614.25,False,True,False,True,13616.0,-0.07901361606732694,2023,5
2023-05-24 14:10:00+00:00,158.65,158.65,158.4,158.4,13,NQM3-NQU3,2023-05-24 10:10:00-04:00,14,10,True,-0.25,0.25,0.0,0.0,0.25,1.0,False,False,False,False,False,False,False,0.2840909090909019,0.2840909090909019,0.2840909090909019,161.1,158.4,161.1,158.7,False,True,False,True,158.85,-0.2840909090909019,2023,5
2023-05-31 14:15:00+00:00,14323.75,14336.0,14295.75,14307.25,13155,NQM3,2023-05-31 10:15:00-04:00,14,15,True,-16.5,16.5,12.25,11.5,40.25,0.4099378881987577,False,False,False,False,False,False,False,-0.0331999510737563,0.0471788778416537,-0.0891156581453458,14412.25,14295.75,14412.25,14315.0,True,True,False,True,14302.5,0.03319995107375631,2023,5
2023-05-31 14:15:00+00:00,14499.25,14507.25,14468.75,14479.75,83,NQU3,2023-05-31 10:15:00-04:00,14,15,True,-19.5,19.5,8.0,11.0,38.5,0.5064935064935064,False,False,False,False,False,False,False,-0.0397106303630932,0.0276247863395431,-0.0604292201177506,14580.25,14468.75,14580.25,14485.25,True,True,False,True,14474.0,0.03971063036309328,2023,5
2023-06-07 14:15:00+00:00,14774.25,14774.25,14749.5,14758.0,121,NQU3,2023-06-07 10:15:00-04:00,14,15,True,-16.25,16.25,0.0,8.5,24.75,0.6565656565656566,False,False,False,False,False,False,False,-0.2286895243257894,0.0203279577178479,-0.2388535031847133,14850.75,14749.5,14850.75,14764.0,False,True,False,True,14724.25,0.2286895243257894,2023,6
2023-06-07 14:15:00+00:00,14598.25,14598.5,14572.75,14581.0,12974,NQM3,2023-06-07 10:15:00-04:00,14,15,True,-17.25,17.25,0.25,8.25,25.75,0.6699029126213593,False,False,False,False,False,False,False,-0.2160345655304848,0.0377203209656402,-0.2383238461010904,14675.0,14572.75,14675.0,14587.5,False,True,False,True,14549.5,0.21603456553048486,2023,6
2023-06-07 14:35:00+00:00,14887.5,14887.5,14887.5,14887.5,1,NQZ3,2023-06-07 10:35:00-04:00,14,35,True,0.0,0.0,0.0,0.0,0.0,,False,False,False,False,False,False,False,-0.2753988245172124,-0.2753988245172124,-0.2753988245172124,14980.0,14887.5,14985.0,14889.5,False,True,False,True,14846.5,0.2753988245172124,2023,6
2023-06-19 14:20:00+00:00,191.8,191.8,191.55,191.55,5,NQU3-NQZ3,2023-06-19 10:20:00-04:00,14,20,True,-0.25,0.25,0.0,0.0,0.25,1.0,False,False,False,False,False,False,False,1.0180109631949823,1.0180109631949823,1.0180109631949823,196.9,191.55,196.9,192.55,False,True,False,True,191.8,-0.1305142260506395,2023,6
2023-06-20 14:15:00+00:00,15386.0,15386.0,15373.0,15373.0,3,NQZ3,2023-06-20 10:15:00-04:00,14,15,True,-13.0,13.0,0.0,0.0,13.0,1.0,False,False,False,False,False,False,False,-0.1479867299811357,-0.03252455603981,-0.1479867299811357,15511.0,15373.0,15511.0,15400.0,False,True,False,True,15350.25,0.14798672998113577,2023,6
2023-06-20 14:15:00+00:00,15212.75,15214.25,15178.5,15181.75,11154,NQU3,2023-06-20 10:15:00-04:00,14,15,True,-31.0,31.0,1.5,3.25,35.75,0.8671328671328671,False,False,False,False,False,False,False,-0.1860786799940718,0.0279941376982231,-0.2008991058343076,15310.75,15178.5,15310.75,15204.0,False,True,False,True,15153.5,0.18607867999407185,2023,6
2023-06-29 14:05:00+00:00,15314.0,15317.5,15250.0,15259.0,16,NQZ3,2023-06-29 10:05:00-04:00,14,5,True,-55.0,55.0,3.5,9.0,67.5,0.8148148148148148,False,False,False,False,False,False,False,-0.0655350940428599,-0.0655350940428599,-0.1441772068942919,15370.0,15250.0,15370.0,15273.75,True,True,False,True,15249.0,0.06553509404285995,2023,6
2023-06-29 14:10:00+00:00,15243.0,15249.0,15237.0,15249.0,19,NQZ3,2023-06-29 10:10:00-04:00,14,10,True,6.0,6.0,0.0,6.0,12.0,0.5,False,False,False,False,False,False,False,0.1180405272476883,0.1245983343170044,0.0442651977178831,15370.0,15237.0,15370.0,15250.0,False,True,False,True,15267.0,-0.11804052724768838,2023,6
2023-07-18 14:20:00+00:00,196.7,196.7,194.75,195.55,52,NQU3-NQZ3,2023-07-18 10:20:00-04:00,14,20,True,-1.1499999999999773,1.1499999999999773,0.0,0.8000000000000114,1.9499999999999889,0.5897435897435815,False,False,False,False,False,False,False,0.5625159805676269,0.5625159805676269,0.2045512656609446,198.15,194.75,198.15,195.8,False,True,False,True,196.65,-0.5625159805676269,2023,7
2023-07-20 14:05:00+00:00,16010.0,16014.5,16000.5,16008.0,16,NQZ3,2023-07-20 10:05:00-04:00,14,5,True,-2.0,2.0,4.5,7.5,14.0,0.1428571428571428,False,False,False,False,False,False,False,0.0687156421789105,0.0999500249875062,-0.0499750124937531,16164.0,16000.5,16175.25,16010.0,False,True,False,True,16019.0,-0.06871564217891055,2023,7
2023-07-20 14:15:00+00:00,15810.5,15821.0,15783.75,15786.0,11824,NQU3,2023-07-20 10:15:00-04:00,14,15,True,-24.5,24.5,10.5,2.25,37.25,0.6577181208053692,False,False,False,False,True,False,False,-0.1282782212086659,0.0364246800962878,-0.1599518560750031,15895.0,15783.75,15895.0,15792.5,False,True,False,True,15765.75,0.12827822120866592,2023,7
2023-08-01 14:10:00+00:00,15802.25,15806.5,15751.25,15755.5,14497,NQU3,2023-08-01 10:10:00-04:00,14,10,True,-46.75,46.75,4.25,4.25,55.25,0.8461538461538461,False,False,False,False,False,False,False,-0.0840976167052775,0.0602964044301989,-0.1729554758655707,15815.25,15751.25,15815.25,15755.75,True,True,False,True,15742.25,0.08409761670527753,2023,8
2023-08-01 14:10:00+00:00,15985.75,15985.75,15952.0,15957.0,20,NQZ3,2023-08-01 10:10:00-04:00,14,10,True,-28.75,28.75,0.0,5.0,33.75,0.8518518518518519,False,False,False,False,False,False,False,-0.1316036849031772,-0.0109669737419314,-0.175471579870903,16063.0,15952.0,16063.0,15960.0,False,True,False,True,15936.0,0.13160368490317728,2023,8
2023-08-01 14:15:00+00:00,15755.75,15765.0,15728.25,15742.25,21293,NQU3,2023-08-01 10:15:00-04:00,14,15,True,-13.5,13.5,9.25,14.0,36.75,0.3673469387755102,False,False,False,False,False,False,False,0.1270466419984436,0.1349870571233464,-0.0571709888992996,15815.25,15728.25,15815.25,15751.25,False,True,False,True,15762.25,-0.12704664199844368,2023,8
2023-08-02 14:55:00+00:00,15888.25,15888.25,15888.0,15888.0,7,NQH4,2023-08-02 10:55:00-04:00,14,55,True,-0.25,0.25,0.0,0.0,0.25,1.0,False,False,False,False,False,False,False,0.0818227593152064,0.1195871097683786,0.0755287009063444,16275.5,15888.0,16275.5,15934.25,False,True,False,True,15901.0,-0.08182275931520645,2023,8
2023-09-06 14:00:00+00:00,15675.75,15675.75,15604.0,15607.75,595,NQZ3,2023-09-06 10:00:00-04:00,14,0,True,-68.0,68.0,0.0,3.75,71.75,0.9477351916376306,False,False,False,False,False,False,False,-0.0192212202271307,0.0224247569316525,-0.1201326264195672,15739.5,15604.0,15751.0,15657.5,False,True,False,True,15604.75,0.019221220227130752,2023,9
2023-09-06 14:00:00+00:00,15483.0,15483.0,15410.0,15411.5,24369,NQU3,2023-09-06 10:00:00-04:00,14,0,True,-71.5,71.5,0.0,1.5,73.0,0.9794520547945206,False,False,False,False,False,False,False,-0.0129773221295785,0.0259546442591571,-0.1395062128929695,15546.0,15410.0,15557.0,15460.5,False,True,False,True,15409.5,0.012977322129578561,2023,9
2023-09-06 14:00:00+00:00,15832.0,15834.5,15821.0,15821.0,6,NQH4,2023-09-06 10:00:00-04:00,14,0,True,-11.0,11.0,2.5,0.0,13.5,0.8148148148148148,False,False,False,False,False,False,False,-0.1469565767018519,-0.0695278427406611,-0.1469565767018519,16050.0,15821.0,16050.0,15859.75,False,True,False,True,15797.75,0.14695657670185197,2023,9
2023-09-07 14:25:00+00:00,400.6,400.6,400.55,400.55,4,NQU3-NQH4,2023-09-07 10:25:00-04:00,14,25,True,-0.0500000000000113,0.0500000000000113,0.0,0.0,0.0500000000000113,1.0,False,False,False,False,False,False,False,0.0,0.0,0.0,412.45,400.55,412.45,402.35,False,True,False,True,400.55,0.0,2023,9
2023-09-12 14:25:00+00:00,15614.5,15614.5,15580.25,15582.5,13390,NQZ3,2023-09-12 10:25:00-04:00,14,25,True,-32.0,32.0,0.0,2.25,34.25,0.9343065693430656,False,False,False,False,False,False,False,0.0465265522220439,0.0898443767046366,-0.1042836515321675,15658.75,15580.25,15658.75,15585.5,False,True,False,True,15589.75,-0.04652655222204396,2023,9
2023-09-12 14:25:00+00:00,15418.0,15418.0,15383.75,15386.25,3452,NQU3,2023-09-12 10:25:00-04:00,14,25,True,-31.75,31.75,0.0,2.5,34.25,0.927007299270073,False,False,False,False,False,False,False,0.0503696482248761,0.0926151596392883,-0.1007392964497522,15461.25,15383.75,15461.25,15389.0,False,True,False,True,15394.0,-0.05036964822487611,2023,9
2023-09-13 14:50:00+00:00,203.5,203.5,203.5,203.5,1,NQZ3-NQH4,2023-09-13 10:50:00-04:00,14,50,True,0.0,0.0,0.0,0.0,0.0,,False,False,False,False,False,False,False,4.1031941031941,4.1031941031941,4.1031941031941,213.8,203.5,213.8,203.8,False,True,False,True,201.55,0.9582309582309526,2023,9
2023-09-29 14:20:00+00:00,15019.0,15023.5,14974.0,14975.5,12315,NQZ3,2023-09-29 10:20:00-04:00,14,20,True,-43.5,43.5,4.5,1.5,49.5,0.8787878787878788,False,False,False,False,False,False,False,0.0367266535341057,0.1235351073419919,-0.0367266535341057,15060.75,14974.0,15060.75,14976.75,True,True,False,True,14981.0,-0.03672665353410571,2023,9
2023-10-03 14:05:00+00:00,15040.0,15048.0,15024.25,15024.25,17,NQH4,2023-10-03 10:05:00-04:00,14,5,True,-15.75,15.75,8.0,0.0,23.75,0.6631578947368421,False,False,False,False,False,False,False,-0.0016639765712098,0.2046691182588149,-0.0615671331347654,15173.0,15024.25,15173.0,15044.25,False,True,False,True,15024.0,0.0016639765712098773,2023,10
2023-10-03 14:05:00+00:00,14854.25,14862.75,14822.75,14825.5,18502,NQZ3,2023-10-03 10:05:00-04:00,14,5,True,-28.75,28.75,8.5,2.75,40.0,0.71875,False,False,False,False,False,False,False,-0.0640787831776331,0.2630602677818623,-0.0640787831776331,14974.75,14822.75,14989.25,14847.25,False,True,False,True,14816.0,0.06407878317763313,2023,10
2023-10-03 14:15:00+00:00,15000.0,15000.0,14966.75,14981.25,22,NQH4,2023-10-03 10:15:00-04:00,14,15,True,-18.75,18.75,0.0,14.5,33.25,0.5639097744360902,False,False,False,False,False,False,False,-0.0717563621193158,0.1084689194826867,-0.0750938673341677,15173.0,14966.75,15173.0,15015.0,False,True,False,True,14970.5,0.07175636211931581,2023,10
2023-10-04 14:00:00+00:00,191.2,191.2,190.55,190.55,7,NQZ3-NQH4,2023-10-04 10:00:00-04:00,14,0,True,-0.6499999999999773,0.6499999999999773,0.0,0.0,0.6499999999999773,1.0,False,False,False,False,False,False,False,-0.2361584885856819,-0.0262398320650807,-0.2361584885856819,192.3,190.55,192.3,190.6,False,True,False,True,190.1,0.23615848858568197,2023,10
2023-10-04 14:20:00+00:00,14977.5,14978.0,14937.5,14938.75,10,NQH4,2023-10-04 10:20:00-04:00,14,20,True,-38.75,38.75,0.5,1.25,40.5,0.9567901234567902,False,False,False,False,True,True,False,-0.0686135051460128,0.1891055141829135,-0.0686135051460128,15018.5,14937.5,15018.5,14940.25,False,True,False,True,14928.5,0.06861350514601289,2023,10
2023-10-18 14:35:00+00:00,15131.75,15137.0,15104.5,15119.25,14234,NQZ3,2023-10-18 10:35:00-04:00,14,35,True,-12.5,12.5,5.25,14.75,32.5,0.3846153846153846,False,False,False,False,False,False,False,0.0578732410668518,0.1074788762670106,-0.0744084528002381,15223.75,15104.5,15223.75,15121.75,False,True,False,True,15128.0,-0.05787324106685186,2023,10
2023-10-18 14:35:00+00:00,15331.25,15331.25,15302.5,15302.5,19,NQH4,2023-10-18 10:35:00-04:00,14,35,True,-28.75,28.75,0.0,0.0,28.75,1.0,False,False,False,False,False,False,False,0.0996569188041169,0.0996569188041169,0.0996569188041169,15415.0,15302.5,15440.0,15322.0,True,True,False,True,15317.75,-0.09965691880411698,2023,10
2023-10-19 14:35:00+00:00,192.55,192.55,192.55,192.55,2,NQZ3-NQH4,2023-10-19 10:35:00-04:00,14,35,True,0.0,0.0,0.0,0.0,0.0,,False,False,False,False,False,False,False,0.0,0.0,0.0,194.95,192.55,194.95,192.65,False,True,False,True,192.55,0.0,2023,10
2023-10-20 14:10:00+00:00,14827.25,14831.5,14782.25,14784.0,14373,NQZ3,2023-10-20 10:10:00-04:00,14,10,True,-43.25,43.25,4.25,1.75,49.25,0.8781725888324873,False,False,False,False,False,False,False,0.0845508658008658,0.1961580086580086,-0.0304383116883116,14886.0,14782.25,14886.0,14810.5,False,True,False,True,14796.5,-0.0845508658008658,2023,10
2023-10-20 14:10:00+00:00,15009.5,15013.5,14972.25,14978.5,22,NQH4,2023-10-20 10:10:00-04:00,14,10,True,-31.0,31.0,4.0,6.25,41.25,0.7515151515151515,False,False,False,False,False,False,False,0.0567480054745134,0.1385318957171946,-0.0851220082117702,15105.0,14972.25,15105.0,15010.25,False,True,False,True,14987.0,-0.056748005474513474,2023,10
2023-10-25 14:05:00+00:00,187.65,187.65,187.5,187.65,3,NQZ3-NQH4,2023-10-25 10:05:00-04:00,14,5,True,0.0,0.0,0.0,0.1500000000000056,0.1500000000000056,0.0,False,False,False,False,False,False,True,0.3730349054090001,0.3730349054090001,0.3730349054090001,191.0,187.5,191.0,187.7,False,True,False,True,188.35,-0.3730349054090001,2023,10
2023-11-27 14:10:00+00:00,16181.75,16181.75,16181.75,16181.75,1,NQH4,2023-11-27 09:10:00-05:00,14,10,True,0.0,0.0,0.0,0.0,0.0,,False,False,False,False,False,False,False,0.0200843542880096,0.0200843542880096,0.0200843542880096,16225.5,16181.75,16230.0,16187.0,False,True,False,True,16185.0,-0.02008435428800964,2023,11
2023-11-28 14:40:00+00:00,16184.25,16184.25,16166.0,16166.0,6,NQH4,2023-11-28 09:40:00-05:00,14,40,True,-18.25,18.25,0.0,0.0,18.25,1.0,False,False,False,False,False,False,False,0.0618582209575652,0.0664975875293826,0.0201039218112087,16247.0,16166.0,16247.0,16168.25,True,True,False,True,16176.0,-0.06185822095756526,2023,11
2023-11-28 14:50:00+00:00,15980.75,15985.75,15958.5,15960.25,8451,NQZ3,2023-11-28 09:50:00-05:00,14,50,True,-20.5,20.5,5.0,1.75,27.25,0.7522935779816514,False,False,False,False,False,False,False,0.045425353612882,0.0642220516595918,-0.0093983490233548,16037.5,15958.5,16045.25,15962.25,False,True,False,True,15967.5,-0.045425353612882004,2023,11
2023-12-15 14:40:00+00:00,198.6,198.6,198.1,198.5,6,NQH4-NQM4,2023-12-15 09:40:00-05:00,14,40,True,-0.0999999999999943,0.0999999999999943,0.0,0.4000000000000057,0.5,0.1999999999999886,False,False,False,False,False,False,False,4.91183879093199,4.91183879093199,4.88664987405541,214.6,198.1,214.6,208.05,False,True,False,True,208.25,-4.91183879093199,2023,12
2024-01-02 14:35:00+00:00,17040.25,17040.25,17007.75,17007.75,4,NQM4,2024-01-02 09:35:00-05:00,14,35,True,-32.5,32.5,0.0,0.0,32.5,1.0,False,False,False,False,False,False,False,-0.1131836956681512,-0.0749658244035807,-0.1661007481883259,17247.75,17007.75,17252.5,17038.5,False,True,False,True,16988.5,0.11318369566815129,2024,1
2024-01-02 14:35:00+00:00,16832.25,16842.25,16795.5,16800.25,13411,NQH4,2024-01-02 09:35:00-05:00,14,35,True,-32.0,32.0,10.0,4.75,46.75,0.6844919786096256,False,False,False,False,False,False,False,-0.1339265784735346,0.0104165116590526,-0.19344950223955,17035.5,16795.5,17039.5,16821.75,False,True,False,True,16777.75,0.13392657847353462,2024,1
2024-01-02 14:45:00+00:00,208.1,208.1,206.3,206.3,8,NQH4-NQM4,2024-01-02 09:45:00-05:00,14,45,True,-1.799999999999983,1.799999999999983,0.0,0.0,1.799999999999983,1.0,False,False,False,False,False,False,False,-0.0484730974309368,-0.0484730974309368,-0.0484730974309368,209.05,206.3,209.3,206.95,False,True,False,True,206.2,0.048473097430936855,2024,1
2024-01-16 14:40:00+00:00,16914.0,16915.0,16870.25,16878.75,14102,NQH4,2024-01-16 09:40:00-05:00,14,40,True,-35.25,35.25,1.0,8.5,44.75,0.7877094972067039,False,False,False,False,False,False,False,-0.0222172850477671,0.062208398133748,-0.1199733392579426,16974.75,16870.25,16974.75,16879.0,True,True,False,True,16875.0,0.02221728504776716,2024,1
2024-01-17 14:35:00+00:00,208.75,208.85,208.75,208.85,10,NQH4-NQM4,2024-01-17 09:35:00-05:00,14,35,True,0.0999999999999943,0.0999999999999943,0.0,0.0,0.0999999999999943,1.0,False,False,False,False,False,False,False,0.1675843907110339,0.1675843907110339,0.1675843907110339,210.55,208.75,210.55,208.9,False,True,False,True,209.2,-0.1675843907110339,2024,1
2024-01-23 14:30:00+00:00,17690.5,17690.5,17645.25,17645.25,20,NQM4,2024-01-23 09:30:00-05:00,14,30,True,-45.25,45.25,0.0,0.0,45.25,1.0,False,False,False,False,False,False,False,0.1969368526940678,0.2040209121434947,-0.0467547923662175,17742.75,17645.25,17742.75,17680.5,False,True,False,True,17680.0,-0.19693685269406783,2024,1
2024-02-16 14:55:00+00:00,236.35,236.35,234.75,234.75,35,NQH4-NQM4,2024-02-16 09:55:00-05:00,14,55,True,-1.5999999999999943,1.5999999999999943,0.0,0.0,1.5999999999999943,1.0,False,False,False,False,False,False,False,-0.1490947816826386,0.6389776357827476,-0.2342917997870122,237.35,234.75,237.35,235.25,True,True,False,True,234.4,0.14909478168263868,2024,2
2024-02-20 14:35:00+00:00,17920.0,17925.5,17858.75,17858.75,13,NQM4,2024-02-20 09:35:00-05:00,14,35,True,-61.25,61.25,5.5,0.0,66.75,0.9176029962546816,False,False,False,False,True,False,False,-0.2659760621544061,-0.1889829915307622,-0.3569678728914398,18043.0,17858.75,18043.0,17885.0,True,True,False,True,17811.25,0.2659760621544061,2024,2
2024-02-20 14:35:00+00:00,17684.5,17695.75,17619.75,17629.25,19949,NQH4,2024-02-20 09:35:00-05:00,14,35,True,-55.25,55.25,11.25,9.5,76.0,0.7269736842105263,False,False,False,False,True,False,False,-0.2765290639136662,0.0085085865819589,-0.3970673738247514,17786.25,17619.75,17786.25,17647.25,False,True,False,True,17580.5,0.2765290639136662,2024,2
2024-02-20 14:40:00+00:00,17825.0,17825.0,17795.0,17811.25,27,NQM4,2024-02-20 09:40:00-05:00,14,40,True,-13.75,13.75,0.0,16.25,30.0,0.4583333333333333,False,False,False,False,False,False,False,0.0098252508947996,0.0631623271808548,-0.0070180363534283,18030.75,17795.0,18043.0,17858.75,False,True,False,True,17813.0,-0.009825250894799634,2024,2
2024-02-20 14:55:00+00:00,17994.25,17994.25,17990.0,17990.0,5,NQU4,2024-02-20 09:55:00-05:00,14,55,True,-4.25,4.25,0.0,0.0,4.25,1.0,False,False,False,False,False,False,False,-0.1764869371873263,-0.1764869371873263,-0.1764869371873263,18499.0,17990.0,18499.0,18050.75,False,True,False,True,17958.25,0.1764869371873263,2024,2
2024-02-27 14:40:00+00:00,17981.5,17982.25,17941.0,17955.5,18137,NQH4,2024-02-27 09:40:00-05:00,14,40,True,-26.0,26.0,0.75,14.5,41.25,0.6303030303030303,False,False,False,False,False,False,False,0.0946785107627189,0.10164016596586,-0.0292389518531926,18032.75,17941.0,18032.75,17973.25,False,True,False,True,17972.5,-0.09467851076271894,2024,2
2024-04-12 14:05:00+00:00,18510.0,18510.0,18497.5,18498.75,10,NQU4,2024-04-12 10:05:00-04:00,14,5,True,-11.25,11.25,0.0,1.25,12.5,0.9,False,False,False,False,False,False,False,0.0675721332522467,0.10406108520846,0.0067572133252246,18730.0,18497.5,18742.5,18509.25,False,True,False,True,18511.25,-0.06757213325224677,2024,4
2024-05-23 14:50:00+00:00,18865.75,18867.0,18833.0,18834.75,9743,NQM4,2024-05-23 10:50:00-04:00,14,50,True,-31.0,31.0,1.25,1.75,34.0,0.9117647058823528,False,False,False,False,False,False,False,-0.1420247149550697,0.0265466756925364,-0.1738807257861134,18997.25,18833.0,19001.75,18838.0,False,True,False,True,18808.0,0.14202471495506974,2024,5
2024-05-23 14:50:00+00:00,19111.0,19111.0,19084.0,19085.0,24,NQU4,2024-05-23 10:50:00-04:00,14,50,True,-26.0,26.0,0.0,1.0,27.0,0.9629629629629628,False,False,False,False,False,False,False,-0.1742205920880272,-0.1021744825779407,-0.1925596017815038,19240.0,19084.0,19242.25,19087.5,False,True,False,True,19051.75,0.17422059208802726,2024,5
2024-06-04 14:10:00+00:00,18594.25,18614.25,18567.75,18578.75,12217,NQM4,2024-06-04 10:10:00-04:00,14,10,True,-15.5,15.5,20.0,11.0,46.5,0.3333333333333333,False,False,False,False,False,False,False,0.1278342192020453,0.1655116732826481,-0.0376774540806028,18664.0,18567.75,18664.0,18579.5,False,True,False,True,18602.5,-0.12783421920204535,2024,6
2024-06-13 14:10:00+00:00,19637.0,19637.75,19586.0,19586.25,11734,NQM4,2024-06-13 10:10:00-04:00,14,10,True,-50.75,50.75,0.75,0.25,51.75,0.9806763285024156,False,False,False,False,False,False,False,-0.0880719892781926,0.0612674708022209,-0.0906248005616184,19684.5,19586.0,19691.0,19607.0,True,True,False,True,19569.0,0.08807198927819261,2024,6
2024-06-13 14:10:00+00:00,19897.5,19897.5,19847.25,19847.25,1179,NQU4,2024-06-13 10:10:00-04:00,14,10,True,-50.25,50.25,0.0,0.0,50.25,1.0,False,False,False,False,False,False,False,-0.0906926652306994,0.0579425361196135,-0.0919522855811258,19948.0,19847.25,19950.0,19870.25,False,True,False,True,19829.25,0.09069266523069948,2024,6
2024-06-13 14:15:00+00:00,19586.5,19598.25,19568.5,19569.0,9701,NQM4,2024-06-13 10:15:00-04:00,14,15,True,-17.5,17.5,11.75,0.5,29.75,0.5882352941176471,False,False,False,False,False,False,False,-0.1469160406765803,0.0804844396749961,-0.1750217180234043,19663.5,19568.5,19684.5,19586.0,False,True,False,True,19540.25,0.14691604067658032,2024,6
2024-06-20 14:15:00+00:00,242.25,242.25,242.25,242.25,1,NQU4-NQZ4,2024-06-20 10:15:00-04:00,14,15,True,0.0,0.0,0.0,0.0,0.0,,False,False,False,False,False,False,False,1.63054695562435,1.63054695562435,0.8255933952528379,246.5,242.25,246.95,242.3,False,True,False,True,246.2,-1.6305469556243501,2024,6
2024-06-24 14:40:00+00:00,19930.75,19931.0,19858.5,19860.75,15545,NQU4,2024-06-24 10:40:00-04:00,14,40,True,-70.0,70.0,0.25,2.25,72.5,0.9655172413793104,False,False,False,False,False,False,False,-0.1636393388970708,0.0994423674836045,-0.1762269803506917,19995.5,19858.5,19995.5,19866.75,False,True,False,True,19828.25,0.16363933889707086,2024,6
2024-06-24 14:40:00+00:00,20156.75,20158.75,20115.0,20115.0,31,NQZ4,2024-06-24 10:40:00-04:00,14,40,True,-41.75,41.75,2.0,0.0,43.75,0.9542857142857144,False,False,False,False,False,False,False,-0.0807854834700472,0.0907283122048222,-0.0832711906537409,20236.5,20115.0,20236.5,20130.75,False,True,False,True,20098.75,0.08078548347004723,2024,6
2024-07-19 14:35:00+00:00,247.55,247.55,247.55,247.55,2,NQU4-NQZ4,2024-07-19 10:35:00-04:00,14,35,True,0.0,0.0,0.0,0.0,0.0,,False,False,False,False,False,False,False,0.1009896990506968,0.1009896990506968,0.1009896990506968,251.95,247.55,252.25,247.65,False,True,False,True,247.8,-0.10098969905069682,2024,7
2024-07-24 14:35:00+00:00,245.15,245.15,243.4,243.4,68,NQU4-NQZ4,2024-07-24 10:35:00-04:00,14,35,True,-1.75,1.75,0.0,0.0,1.75,1.0,False,False,False,False,False,False,False,0.0,0.0,0.0,250.45,243.4,250.45,245.1,False,True,False,True,243.4,0.0,2024,7
2024-07-26 14:05:00+00:00,241.7,241.7,240.55,240.55,16,NQU4-NQZ4,2024-07-26 10:05:00-04:00,14,5,True,-1.1499999999999773,1.1499999999999773,0.0,0.0,1.1499999999999773,1.0,False,False,False,False,False,False,False,0.0415713988775698,0.0415713988775698,0.0415713988775698,243.25,240.55,243.25,240.75,False,True,False,True,240.65,-0.041571398877569866,2024,7
2024-08-01 14:20:00+00:00,19783.25,19783.25,19706.5,19730.0,28,NQZ4,2024-08-01 10:20:00-04:00,14,20,True,-53.25,53.25,0.0,23.5,76.75,0.6938110749185668,False,False,False,False,False,False,False,-0.2027369488089204,0.0886974151039027,-0.2027369488089204,19916.25,19706.5,19916.25,19751.0,True,True,False,True,19690.0,0.20273694880892043,2024,8
2024-08-01 14:20:00+00:00,19541.75,19551.0,19462.0,19504.0,17602,NQU4,2024-08-01 10:20:00-04:00,14,20,True,-37.75,37.75,9.25,42.0,89.0,0.4241573033707865,False,False,False,False,False,False,False,-0.2960931091058244,0.052553322395406,-0.3025020508613618,19682.0,19462.0,19682.0,19505.0,False,True,False,True,19446.25,0.2960931091058244,2024,8
2024-08-01 14:25:00+00:00,19741.25,19747.5,19690.0,19690.0,21,NQZ4,2024-08-01 10:25:00-04:00,14,25,True,-51.25,51.25,6.25,0.0,57.5,0.8913043478260869,False,False,False,False,False,False,False,0.0685627221940071,0.1206196038598273,-0.1041137633316404,19916.25,19690.0,19916.25,19706.5,False,True,False,True,19703.5,-0.06856272219400711,2024,8
2024-08-23 14:45:00+00:00,19826.25,19829.5,19641.5,19677.25,20926,NQU4,2024-08-23 10:45:00-04:00,14,45,True,-149.0,149.0,3.25,35.75,188.0,0.7925531914893617,False,False,False,False,False,False,False,0.0228690492828012,0.1003697162967386,-0.2782400996074147,19904.25,19641.5,19904.25,19706.5,True,True,False,True,19681.75,-0.022869049282801205,2024,8
2024-08-23 14:45:00+00:00,20046.0,20046.25,19880.0,19917.0,88,NQZ4,2024-08-23 10:45:00-04:00,14,45,True,-129.0,129.0,0.25,37.0,166.25,0.7759398496240602,False,False,False,False,False,False,False,-0.1154792388411909,0.0112968820605512,-0.2836772606316212,20135.5,19880.0,20135.5,19942.5,True,True,False,True,19894.0,0.11547923884119093,2024,8
2024-09-10 14:10:00+00:00,18795.5,18798.0,18695.75,18710.5,12879,NQU4,2024-09-10 10:10:00-04:00,14,10,True,-85.0,85.0,2.5,14.75,102.25,0.8312958435207825,False,False,False,False,True,False,False,0.1002111114080329,0.1509847411881029,-0.126934074450175,18821.75,18695.75,18821.75,18721.75,True,True,False,True,18729.25,-0.10021111140803292,2024,9
2024-09-10 14:10:00+00:00,19015.0,19019.25,18922.5,18940.0,91,NQZ4,2024-09-10 10:10:00-04:00,14,10,True,-75.0,75.0,4.25,17.5,96.75,0.7751937984496124,False,False,False,False,False,False,False,0.0646779303062302,0.1174762407602956,-0.1491552270327349,19046.0,18922.5,19046.0,18947.75,True,True,False,True,18952.25,-0.0646779303062302,2024,9
2024-09-16 14:30:00+00:00,19388.5,19390.0,19304.0,19311.5,5906,NQU4,2024-09-16 10:30:00-04:00,14,30,True,-77.0,77.0,1.5,7.5,86.0,0.8953488372093024,False,False,False,False,False,False,False,0.1462858918261139,0.2433782979053931,-0.063433705305129,19463.5,19304.0,19463.5,19326.25,False,True,False,True,19339.75,-0.14628589182611396,2024,9
2024-09-16 14:30:00+00:00,19620.0,19622.25,19534.5,19542.5,6892,NQZ4,2024-09-16 10:30:00-04:00,14,30,True,-77.5,77.5,2.25,8.0,87.75,0.8831908831908832,False,False,False,False,False,False,False,0.1445567353204554,0.240501471152616,-0.0690802097991556,19697.5,19534.5,19697.5,19561.25,False,True,False,True,19570.75,-0.14455673532045543,2024,9
2024-09-19 14:35:00+00:00,190.15,190.15,187.3,187.3,6,NQZ4-NQH5,2024-09-19 10:35:00-04:00,14,35,True,-2.8499999999999943,2.8499999999999943,0.0,0.0,2.8499999999999943,1.0,False,False,False,False,False,False,False,0.0,0.0,0.0,199.7,187.3,199.7,189.0,False,True,False,True,187.3,0.0,2024,9
2024-09-24 14:00:00+00:00,20272.5,20272.5,20191.75,20201.75,42,NQH5,2024-09-24 10:00:00-04:00,14,0,True,-70.75,70.75,0.0,10.0,80.75,0.8761609907120743,False,False,False,False,False,False,False,0.0903387082802232,0.0940512579355749,-0.0173252317249743,20338.75,20191.75,20338.75,20250.25,True,True,False,True,20220.0,-0.09033870828022325,2024,9
2024-10-01 14:10:00+00:00,203.9,203.95,201.4,202.05,35,NQZ4-NQH5,2024-10-01 10:10:00-04:00,14,10,True,-1.8499999999999943,1.8499999999999943,0.0499999999999829,0.6500000000000057,2.549999999999983,0.725490196078434,False,False,False,False,False,False,False,0.0,0.0,-0.1484780994803322,205.15,201.4,205.15,202.8,False,True,False,True,202.05,0.0,2024,10
2024-10-15 14:10:00+00:00,20621.75,20622.5,20574.0,20582.5,10777,NQZ4,2024-10-15 10:10:00-04:00,14,10,True,-39.25,39.25,0.75,8.5,48.5,0.8092783505154639,False,False,False,False,False,False,False,-0.0194339851815863,0.0182193611077371,-0.0983845499817806,20659.25,20574.0,20659.25,20604.0,False,True,False,True,20578.5,0.0194339851815863,2024,10
2024-10-24 14:55:00+00:00,20550.0,20550.0,20540.0,20545.0,12,NQH5,2024-10-24 10:55:00-04:00,14,55,True,-5.0,5.0,0.0,5.0,10.0,0.5,False,False,False,False,False,False,False,0.0389389145777561,0.0425894378194207,0.0389389145777561,20626.75,20540.0,20630.75,20546.25,False,True,False,True,20553.0,-0.03893891457775614,2024,10
2024-11-11 14:45:00+00:00,21460.0,21461.25,21443.75,21445.0,27,NQH5,2024-11-11 09:45:00-05:00,14,45,True,-15.0,15.0,1.25,1.25,17.5,0.8571428571428571,False,False,False,False,False,False,False,0.0163208207041268,0.0163208207041268,-0.0256470039636278,21553.0,21443.75,21553.0,21463.75,False,True,False,True,21448.5,-0.016320820704126836,2024,11
2024-11-13 14:50:00+00:00,250.85,250.85,250.85,250.85,5,NQZ4-NQH5,2024-11-13 09:50:00-05:00,14,50,True,0.0,0.0,0.0,0.0,0.0,,False,False,False,False,False,False,False,-0.139525612916083,-0.139525612916083,-0.139525612916083,253.95,250.85,253.95,251.5,False,True,False,True,250.5,0.13952561291608306,2024,11
2024-11-14 14:40:00+00:00,21393.75,21393.75,21336.5,21336.5,7,NQH5,2024-11-14 09:40:00-05:00,14,40,True,-57.25,57.25,0.0,0.0,57.25,1.0,False,False,False,False,False,False,False,0.0046868043024863,0.0164038150587022,0.0046868043024863,21469.0,21336.5,21469.0,21373.25,False,True,False,True,21337.5,-0.0046868043024863495,2024,11
2024-11-14 14:40:00+00:00,21143.0,21147.25,21079.0,21083.0,13269,NQZ4,2024-11-14 09:40:00-05:00,14,40,True,-60.0,60.0,4.25,4.0,68.25,0.8791208791208791,False,False,False,False,False,False,False,0.0177868424797229,0.0521747379405208,-0.0901200018972632,21220.0,21079.0,21220.0,21112.75,False,True,False,True,21086.75,-0.017786842479722998,2024,11
2024-12-09 14:30:00+00:00,21884.75,21912.5,21854.25,21860.5,162,NQH5,2024-12-09 09:30:00-05:00,14,30,True,-24.25,24.25,27.75,6.25,58.25,0.4163090128755364,False,False,False,False,False,False,False,0.0903456005123396,0.1303721323848951,0.0,21930.0,21854.25,21930.0,21880.0,True,True,False,True,21880.25,-0.0903456005123396,2024,12
2024-12-09 14:30:00+00:00,21615.0,21642.5,21582.75,21591.25,17763,NQZ4,2024-12-09 09:30:00-05:00,14,30,True,-23.75,23.75,27.5,8.5,59.75,0.3974895397489539,False,False,False,False,False,False,False,0.0937879928211659,0.1389451745498755,-0.008105135182076,21663.5,21582.75,21663.5,21609.5,True,True,False,True,21611.5,-0.09378799282116598,2024,12
2024-12-26 14:50:00+00:00,22189.25,22193.75,22123.0,22123.25,85,NQM5,2024-12-26 09:50:00-05:00,14,50,True,-66.0,66.0,4.5,0.25,70.75,0.9328621908127208,False,False,False,False,False,False,False,0.3265795034635507,0.3796910490095261,0.0237306905630953,22247.5,22123.0,22247.5,22180.25,False,True,False,True,22195.5,-0.32657950346355075,2024,12
2024-12-26 14:50:00+00:00,21953.75,21956.25,21870.25,21881.75,12356,NQH5,2024-12-26 09:50:00-05:00,14,50,True,-72.0,72.0,2.5,11.5,86.0,0.8372093023255814,False,False,False,False,False,False,False,0.3473213979686268,0.3907365727147052,0.0,22008.0,21870.25,22008.0,21907.5,False,True,False,True,21957.75,-0.3473213979686268,2024,12
2024-12-30 14:40:00+00:00,239.9,239.9,237.1,237.1,12,NQH5-NQM5,2024-12-30 09:40:00-05:00,14,40,True,-2.8000000000000114,2.8000000000000114,0.0,0.0,2.8000000000000114,1.0,False,False,False,False,False,False,False,0.0210881484605699,0.0210881484605699,-0.2741459299873495,241.05,237.1,241.05,237.55,True,True,False,True,237.15,-0.021088148460569958,2024,12
2024-12-31 14:35:00+00:00,21700.25,21700.25,21618.25,21618.25,5,NQM5,2024-12-31 09:35:00-05:00,14,35,True,-82.0,82.0,0.0,0.0,82.0,1.0,False,False,False,False,False,False,False,0.0624472378661547,0.0624472378661547,0.008095012315983,21768.0,21618.25,21770.25,21644.5,False,True,False,True,21631.75,-0.06244723786615476,2024,12
2025-01-13 14:15:00+00:00,227.15,227.15,227.15,227.15,6,NQH5-NQM5,2025-01-13 09:15:00-05:00,14,15,True,0.0,0.0,0.0,0.0,0.0,,False,False,False,False,False,False,False,0.0,0.0,0.0,230.3,227.15,230.3,228.4,False,True,False,True,227.15,0.0,2025,1
2025-01-21 14:35:00+00:00,21936.5,21936.5,21866.75,21868.5,13,NQM5,2025-01-21 09:35:00-05:00,14,35,True,-68.0,68.0,0.0,1.75,69.75,0.974910394265233,False,False,False,False,False,False,False,0.0137183620275739,0.0137183620275739,-0.1920570683860347,21968.0,21866.75,21968.0,21883.75,False,True,False,True,21871.5,-0.013718362027573908,2025,1
2025-01-21 14:35:00+00:00,21690.0,21708.75,21629.5,21635.25,13728,NQH5,2025-01-21 09:35:00-05:00,14,35,True,-54.75,54.75,18.75,5.75,79.25,0.6908517350157729,False,False,False,False,False,False,False,-0.0751089079164789,0.0127107382627887,-0.2114604638263944,21736.5,21629.5,21736.5,21682.0,False,True,False,True,21619.0,0.0751089079164789,2025,1
2025-01-29 14:30:00+00:00,21599.75,21606.25,21533.0,21537.75,15474,NQH5,2025-01-29 09:30:00-05:00,14,30,True,-62.0,62.0,6.5,4.75,73.25,0.8464163822525598,False,False,False,False,False,False,False,0.031340321064178,0.1358080579447714,-0.0522338684402966,21627.0,21533.0,21627.0,21558.0,True,True,False,True,21544.5,-0.031340321064178014,2025,1
2025-01-29 14:30:00+00:00,21838.25,21838.25,21783.5,21786.75,15,NQM5,2025-01-29 09:30:00-05:00,14,30,True,-51.5,51.5,0.0,3.25,54.75,0.9406392694063926,False,False,False,False,False,False,False,-0.0998313194946469,-0.0929464009088092,-0.0998313194946469,21859.75,21783.5,21859.75,21796.0,True,True,False,True,21765.0,0.09983131949464698,2025,1
2025-01-29 14:35:00+00:00,21766.5,21766.5,21765.0,21765.0,2,NQM5,2025-01-29 09:35:00-05:00,14,35,True,-1.5,1.5,0.0,0.0,1.5,1.0,False,False,False,False,False,False,False,-0.0666207213416034,0.1309441764300482,-0.0999310820124052,21859.75,21765.0,21859.75,21783.5,False,True,False,True,21750.5,0.06662072134160349,2025,1
2025-02-17 14:30:00+00:00,240.4,240.4,240.4,240.4,1,NQH5-NQM5,2025-02-17 09:30:00-05:00,14,30,True,0.0,0.0,0.0,0.0,0.0,,False,False,False,False,False,False,False,0.2079866888519134,0.2079866888519134,0.2079866888519134,241.55,240.4,241.55,240.5,False,True,False,True,240.9,-0.20798668885191346,2025,2
2025-02-18 14:45:00+00:00,22449.25,22449.25,22413.75,22413.75,28,NQM5,2025-02-18 09:45:00-05:00,14,45,True,-35.5,35.5,0.0,0.0,35.5,1.0,False,False,False,False,False,False,False,0.1851542022196196,0.1851542022196196,0.0356923763314929,22558.0,22413.75,22558.0,22434.75,False,True,False,True,22455.25,-0.18515420221961965,2025,2
2025-02-20 14:30:00+00:00,22209.5,22225.5,22171.75,22173.75,14089,NQH5,2025-02-20 09:30:00-05:00,14,30,True,-35.75,35.75,16.0,2.0,53.75,0.6651162790697674,False,False,False,False,False,False,False,0.113873386323919,0.1285303568408591,0.0022549185410677,22266.0,22171.75,22271.75,22187.25,True,True,False,True,22199.0,-0.11387338632391905,2025,2
2025-02-20 14:45:00+00:00,22166.25,22173.75,22134.0,22139.5,14947,NQH5,2025-02-20 09:45:00-05:00,14,45,True,-26.75,26.75,7.5,5.5,39.75,0.6729559748427673,False,False,False,False,False,False,False,-0.3161769687662323,0.011292034598794,-0.4494229770320015,22258.5,22134.0,22258.5,22164.5,False,True,False,True,22069.5,0.3161769687662323,2025,2
2025-02-25 14:25:00+00:00,232.1,232.1,232.05,232.05,5,NQH5-NQM5,2025-02-25 09:25:00-05:00,14,25,True,-0.0499999999999829,0.0499999999999829,0.0,0.0,0.0499999999999829,1.0,False,False,False,False,False,False,False,0.2585649644473149,0.2585649644473149,0.2154708037060978,234.35,232.05,234.85,232.6,False,True,False,True,232.65,-0.2585649644473149,2025,2
2025-02-28 14:20:00+00:00,216.0,218.95,216.0,218.95,4,NQM5-NQU5,2025-02-28 09:20:00-05:00,14,20,True,2.9499999999999886,2.9499999999999886,0.0,0.0,2.9499999999999886,1.0,False,False,False,False,False,False,False,-2.580497830554911,-2.580497830554911,-2.580497830554911,235.2,216.0,235.2,219.05,False,True,False,True,213.3,2.580497830554911,2025,2
2025-03-04 14:25:00+00:00,221.6,221.6,220.85,220.85,60,NQH5-NQM5,2025-03-04 09:25:00-05:00,14,25,True,-0.75,0.75,0.0,0.0,0.75,1.0,False,False,False,False,False,False,False,-0.31695721077654,-0.0226398007697455,-0.31695721077654,223.5,220.85,223.5,221.05,True,True,False,True,220.15,0.31695721077654004,2025,3
2025-03-04 14:30:00+00:00,220.4,220.8,220.15,220.15,12,NQH5-NQM5,2025-03-04 09:30:00-05:00,14,30,True,-0.25,0.25,0.4000000000000057,0.0,0.6500000000000057,0.3846153846153812,False,False,False,False,False,False,False,0.3179650238473716,0.3179650238473716,0.0,223.35,220.15,223.5,220.85,False,True,False,True,220.85,-0.31796502384737163,2025,3
2025-03-05 14:35:00+00:00,221.5,221.55,220.6,220.6,39,NQH5-NQM5,2025-03-05 09:35:00-05:00,14,35,True,-0.9000000000000057,0.9000000000000057,0.0500000000000113,0.0,0.950000000000017,0.9473684210526204,False,False,False,False,True,False,False,0.4986400725294625,0.4986400725294625,0.1359927470534956,224.45,220.6,224.45,220.75,False,True,False,True,221.7,-0.4986400725294625,2025,3
2025-03-10 14:10:00+00:00,20098.75,20126.5,20098.75,20126.5,8,NQU5,2025-03-10 10:10:00-04:00,14,10,True,27.75,27.75,0.0,0.0,27.75,1.0,False,False,False,False,False,False,False,-0.1018557623034308,-0.1018557623034308,-0.1018557623034308,21101.5,20098.75,21125.0,20361.5,False,True,False,True,20106.0,0.1018557623034308,2025,3
2025-03-11 14:00:00+00:00,19523.25,19614.0,19353.25,19384.75,23906,NQH5,2025-03-11 10:00:00-04:00,14,0,True,-138.5,138.5,90.75,31.5,260.75,0.5311601150527325,False,False,False,False,False,False,False,0.7235068804085686,0.7905699067565999,-0.0335315131740156,19614.0,19353.25,19599.0,19385.75,True,True,False,True,19525.0,-0.7235068804085686,2025,3
2025-03-11 14:00:00+00:00,19716.5,19820.0,19552.5,19594.25,440,NQM5,2025-03-11 10:00:00-04:00,14,0,True,-122.25,122.25,103.5,41.75,267.5,0.4570093457943925,False,False,False,False,False,False,False,0.687701749237659,0.7412888985289052,0.0293453436594919,19820.0,19552.5,19803.5,19596.5,True,True,False,True,19729.0,-0.687701749237659,2025,3
2025-03-11 14:25:00+00:00,19585.0,19595.5,19515.0,19521.25,134,NQM5,2025-03-11 10:25:00-04:00,14,25,True,-63.75,63.75,10.5,6.25,80.5,0.7919254658385093,False,False,False,False,False,False,False,0.0345777037843375,0.3265672024076327,0.0345777037843375,19820.0,19515.0,19820.0,19552.5,False,True,False,True,19528.0,-0.03457770378433758,2025,3
2025-03-11 14:25:00+00:00,204.8,204.8,203.05,203.1,289,NQH5-NQM5,2025-03-11 10:25:00-04:00,14,25,True,-1.700000000000017,1.700000000000017,0.0,0.0499999999999829,1.75,0.9714285714285812,False,False,False,False,False,False,False,0.2461841457410143,0.4677498769079355,-0.0492368291482,207.7,203.05,207.7,204.35,False,True,False,True,203.6,-0.2461841457410143,2025,3
2025-03-11 14:25:00+00:00,19388.75,19394.5,19313.5,19321.75,10651,NQH5,2025-03-11 10:25:00-04:00,14,25,True,-67.0,67.0,5.75,8.25,81.0,0.8271604938271605,False,False,False,False,False,False,False,0.0517551464023703,0.3247635436748742,-0.0245836945411259,19614.0,19313.5,19614.0,19353.25,False,True,False,True,19331.75,-0.05175514640237039,2025,3
2025-03-12 14:55:00+00:00,398.05,398.05,396.8,396.8,3,NQH5-NQU5,2025-03-12 10:55:00-04:00,14,55,True,-1.25,1.25,0.0,0.0,1.25,1.0,False,False,False,False,False,False,False,3.0619959677419297,3.0619959677419297,2.3059475806451553,420.45,396.8,434.0,401.0,False,True,False,True,403.05,-1.575100806451613,2025,3
2025-04-01 14:10:00+00:00,19350.0,19360.25,19288.75,19299.25,12382,NQM5,2025-04-01 10:10:00-04:00,14,10,True,-50.75,50.75,10.25,10.5,71.5,0.7097902097902098,False,False,False,False,False,False,False,-0.0634739691956941,0.1295387126442737,-0.0712462919543505,19462.5,19288.75,19462.5,19326.5,False,True,False,True,19287.0,0.06347396919569413,2025,4
2025-04-01 14:10:00+00:00,19546.0,19546.0,19500.75,19502.75,12,NQU5,2025-04-01 10:10:00-04:00,14,10,True,-43.25,43.25,0.0,2.0,45.25,0.9558011049723756,False,False,False,False,False,False,False,-0.0576841727448693,-0.0576841727448693,-0.0576841727448693,19672.5,19500.75,19672.5,19519.75,False,True,False,True,19491.5,0.05768417274486931,2025,4
2025-04-03 14:40:00+00:00,181.35,181.35,181.3,181.3,2,NQM5-NQU5,2025-04-03 10:40:00-04:00,14,40,True,-0.0499999999999829,0.0499999999999829,0.0,0.0,0.0499999999999829,1.0,False,False,False,False,False,False,False,0.1654715940430132,0.2757859900717043,-0.1378929950358521,195.2,181.3,196.4,181.45,False,True,False,True,181.6,-0.1654715940430132,2025,4
2025-04-11 14:20:00+00:00,18574.0,18574.0,18473.25,18473.25,20,NQU5,2025-04-11 10:20:00-04:00,14,20,True,-100.75,100.75,0.0,0.0,100.75,1.0,False,False,False,False,False,False,False,0.0541323264720609,0.3058476445671443,0.0541323264720609,18812.0,18473.25,18812.0,18531.5,False,True,False,True,18483.25,-0.05413232647206095,2025,4
2025-05-07 14:50:00+00:00,19919.0,19926.0,19841.75,19848.75,9911,NQM5,2025-05-07 10:50:00-04:00,14,50,True,-70.25,70.25,7.0,7.0,84.25,0.8338278931750742,False,False,False,False,False,False,False,-0.0289690786573461,0.0604572076327224,-0.098242962403174,19977.25,19841.75,19977.25,19857.5,False,True,False,True,19843.0,0.02896907865734618,2025,5
2025-05-07 14:50:00+00:00,20096.75,20102.0,20039.75,20039.75,17,NQU5,2025-05-07 10:50:00-04:00,14,50,True,-57.0,57.0,5.25,0.0,62.25,0.9156626506024096,False,False,False,False,False,False,False,-0.0561384248805499,-0.0561384248805499,-0.0561384248805499,20166.75,20039.75,20166.75,20065.5,False,True,False,True,20028.5,0.0561384248805499,2025,5
2025-05-09 14:20:00+00:00,20205.0,20210.5,20177.0,20179.5,6806,NQM5,2025-05-09 10:20:00-04:00,14,20,True,-25.5,25.5,5.5,2.5,33.5,0.7611940298507462,False,False,False,False,False,False,False,-0.2267152308035382,0.0569885279615451,-0.3357367625560594,20279.75,20177.0,20279.75,20201.5,False,True,False,True,20133.75,0.22671523080353825,2025,5
2025-05-15 14:00:00+00:00,216.0,216.0,215.95,215.95,2,NQM5-NQU5,2025-05-15 10:00:00-04:00,14,0,True,-0.0500000000000113,0.0500000000000113,0.0,0.0,0.0500000000000113,1.0,False,False,False,False,False,False,False,0.1389210465385558,0.1389210465385558,0.1389210465385558,218.15,215.95,218.5,216.0,False,True,False,True,216.25,-0.13892104653855586,2025,5
2025-06-25 14:10:00+00:00,22499.75,22504.75,22466.25,22474.5,7291,NQU5,2025-06-25 10:10:00-04:00,14,10,True,-25.25,25.25,5.0,8.25,38.5,0.6558441558441559,False,False,False,False,False,False,False,0.0222474359830029,0.1090124363167145,-0.0266969231796035,22548.25,22466.25,22548.25,22483.0,False,True,False,True,22479.5,-0.02224743598300296,2025,6
2025-07-01 14:20:00+00:00,23035.0,23035.0,23001.75,23001.75,3,NQZ5,2025-07-01 10:20:00-04:00,14,20,True,-33.25,33.25,0.0,0.0,33.25,1.0,False,False,False,False,False,False,False,-0.0380405838686186,-0.0380405838686186,-0.0380405838686186,23150.0,23001.75,23150.0,23002.75,True,True,False,True,22993.0,0.038040583868618694,2025,7
2025-07-01 14:25:00+00:00,22788.25,22796.5,22748.75,22767.25,8603,NQU5,2025-07-01 10:25:00-04:00,14,25,True,-21.0,21.0,8.25,18.5,47.75,0.4397905759162304,False,False,False,False,False,False,False,-0.1273759457114935,0.0713744523383368,-0.1493373156617509,22848.25,22748.75,22848.25,22776.0,False,True,False,True,22738.25,0.1273759457114935,2025,7
2025-07-01 14:25:00+00:00,22993.0,22993.0,22993.0,22993.0,1,NQZ5,2025-07-01 10:25:00-04:00,14,25,True,0.0,0.0,0.0,0.0,0.0,,False,False,False,False,False,False,False,-0.1435219414604445,-0.0130474492236767,-0.1435219414604445,23150.0,22993.0,23150.0,23001.75,False,True,False,True,22960.0,0.1435219414604445,2025,7
2025-07-15 14:55:00+00:00,23123.25,23124.0,23096.0,23099.5,6834,NQU5,2025-07-15 10:55:00-04:00,14,55,True,-23.75,23.75,0.75,3.5,28.0,0.8482142857142857,False,False,False,False,False,False,False,0.0616896469620554,0.110391999826836,0.0010822745081062,23222.75,23096.0,23222.75,23105.0,False,True,False,True,23113.75,-0.06168964696205546,2025,7
2025-07-24 14:10:00+00:00,23329.25,23340.0,23298.25,23312.25,11614,NQU5,2025-07-24 10:10:00-04:00,14,10,True,-17.0,17.0,10.75,14.0,41.75,0.4071856287425149,False,False,False,False,False,False,False,0.0975881778893071,0.117963731514547,-0.0461130950465956,23401.0,23298.25,23401.0,23326.5,False,True,False,True,23335.0,-0.09758817788930713,2025,7
2025-07-25 14:05:00+00:00,236.85,236.85,235.05,235.05,13,NQU5-NQZ5,2025-07-25 10:05:00-04:00,14,5,True,-1.799999999999983,1.799999999999983,0.0,0.0,1.799999999999983,1.0,False,False,False,False,False,False,False,0.8934269304403294,0.8934269304403294,0.8934269304403294,238.0,235.05,238.0,235.75,True,True,False,True,237.15,-0.8934269304403294,2025,7
2025-08-07 14:20:00+00:00,23602.5,23614.0,23560.25,23564.5,7820,NQU5,2025-08-07 10:20:00-04:00,14,20,True,-38.0,38.0,11.5,4.25,53.75,0.7069767441860465,False,False,False,False,False,False,False,0.0445585520592416,0.0541068132147934,-0.0933607757431729,23671.0,23560.25,23671.0,23570.0,False,True,False,True,23575.0,-0.04455855205924166,2025,8
2025-08-22 14:05:00+00:00,233.25,233.25,232.35,232.85,38,NQU5-NQZ5,2025-08-22 10:05:00-04:00,14,5,True,-0.4000000000000057,0.4000000000000057,0.0,0.5,0.9000000000000057,0.444444444444448,False,False,False,False,False,False,False,0.1503113592441461,0.1503113592441461,0.0,234.0,232.35,234.0,233.15,False,True,False,True,233.2,-0.15031135924414615,2025,8
2025-09-17 14:25:00+00:00,240.15,240.25,239.65,239.65,799,NQU5-NQZ5,2025-09-17 10:25:00-04:00,14,25,True,-0.5,0.5,0.0999999999999943,0.0,0.5999999999999943,0.8333333333333413,False,False,False,False,False,False,False,0.2086375964948884,0.2712288754433573,0.0,241.1,239.65,241.1,240.0,False,True,False,True,240.15,-0.2086375964948884,2025,9
2025-10-03 14:00:00+00:00,25105.75,25108.5,25064.75,25085.5,11608,NQZ5,2025-10-03 10:00:00-04:00,14,0,True,-20.25,20.25,2.75,20.75,43.75,0.4628571428571428,False,False,False,False,False,False,False,-0.0468398078571286,0.0129556915349504,-0.1375296486017819,25168.0,25064.75,25168.0,25091.0,False,True,False,True,25073.75,0.04683980785712862,2025,10
2025-10-03 14:00:00+00:00,25343.0,25343.0,25315.0,25330.25,9,NQH6,2025-10-03 10:00:00-04:00,14,0,True,-12.75,12.75,0.0,15.25,28.0,0.4553571428571428,False,False,False,False,False,False,False,-0.0651395071110628,-0.0088826600605994,-0.0651395071110628,25415.5,25315.0,25415.5,25344.0,False,True,False,True,25313.75,0.06513950711106287,2025,10
2025-11-04 14:30:00+00:00,25742.0,25756.5,25663.0,25677.75,20586,NQZ5,2025-11-04 09:30:00-05:00,14,30,True,-64.25,64.25,14.5,14.75,93.5,0.6871657754010695,False,False,False,False,False,False,False,0.0418650387981813,0.1801170273875242,-0.0535483054395342,26112.0,25663.0,26112.0,25684.0,True,True,False,True,25688.5,-0.041865038798181306,2025,11
2025-11-07 14:30:00+00:00,25110.5,25111.0,25045.25,25058.5,16502,NQZ5,2025-11-07 09:30:00-05:00,14,30,True,-52.0,52.0,0.5,13.25,65.75,0.7908745247148289,False,False,False,False,True,False,False,-0.5317556916814654,0.00997665462817,-0.5556996627890736,25403.75,25045.25,25403.75,25066.75,True,True,False,True,24925.25,0.5317556916814654,2025,11
2025-11-07 14:35:00+00:00,25058.25,25061.0,24919.25,24925.25,19584,NQZ5,2025-11-07 09:35:00-05:00,14,35,True,-133.0,133.0,2.75,6.0,141.75,0.9382716049382716,False,False,False,False,False,False,False,0.2005997933822128,0.2788337128012758,-0.0300899690073319,25371.25,24919.25,25403.75,25045.25,False,True,False,True,24975.25,-0.20059979338221284,2025,11
2025-11-11 14:50:00+00:00,25842.75,25842.75,25841.5,25841.5,2,NQH6,2025-11-11 09:50:00-05:00,14,50,True,-1.25,1.25,0.0,0.0,1.25,1.0,False,False,False,False,False,False,False,0.1857477313623435,0.1857477313623435,-0.0367625718321304,26025.25,25841.5,26025.25,25849.0,False,True,False,True,25889.5,-0.18574773136234352,2025,11
2025-11-11 14:50:00+00:00,25583.25,25587.25,25560.25,25575.0,9879,NQZ5,2025-11-11 09:50:00-05:00,14,50,True,-8.25,8.25,4.0,14.75,27.0,0.3055555555555556,False,False,False,False,False,False,False,0.2033235581622678,0.2287390029325513,-0.0508308895405669,25760.5,25560.25,25760.5,25578.0,False,True,False,True,25627.0,-0.20332355816226783,2025,11
2025-11-12 14:45:00+00:00,25912.0,25912.0,25840.0,25847.0,30,NQH6,2025-11-12 09:45:00-05:00,14,45,True,-65.0,65.0,0.0,7.0,72.0,0.9027777777777778,False,False,False,False,False,False,False,0.0696405772430069,0.1121987077804,-0.0464270514953379,26068.0,25840.0,26068.0,25888.25,False,True,False,True,25865.0,-0.06964057724300692,2025,11
2025-11-14 14:30:00+00:00,24989.75,24989.75,24898.75,24898.75,12,NQH6,2025-11-14 09:30:00-05:00,14,30,True,-91.0,91.0,0.0,0.0,91.0,1.0,False,False,False,False,False,False,False,0.607460213866158,0.6847733319945781,0.031126060545208,25400.0,24898.75,25400.0,24910.0,True,True,False,True,25050.0,-0.607460213866158,2025,11
2025-11-14 14:30:00+00:00,24723.5,24760.25,24626.0,24643.5,23116,NQZ5,2025-11-14 09:30:00-05:00,14,30,True,-80.0,80.0,36.75,17.5,134.25,0.595903165735568,False,False,False,False,False,False,False,0.6391137622496805,0.7111408687889301,-0.0030433988678556,25145.0,24626.0,25145.0,24657.0,True,True,False,True,24801.0,-0.6391137622496805,2025,11
2025-11-18 14:40:00+00:00,24737.5,24764.25,24645.5,24655.75,15938,NQZ5,2025-11-18 09:40:00-05:00,14,40,True,-81.75,81.75,26.75,10.25,118.75,0.6884210526315789,False,False,False,False,False,False,False,-0.1328290561025318,0.3346075459071413,-0.1622339616519473,24890.75,24645.5,24890.75,24664.5,True,True,False,True,24623.0,0.13282905610253187,2025,11
2025-11-18 14:40:00+00:00,24980.0,24994.75,24912.25,24921.0,16,NQH6,2025-11-18 09:40:00-05:00,14,40,True,-59.0,59.0,14.75,8.75,82.5,0.7151515151515152,False,False,False,False,False,False,False,-0.1845832831748324,0.2517956743308855,-0.1845832831748324,25137.0,24912.25,25137.0,24924.75,True,True,False,True,24875.0,0.18458328317483247,2025,11
2025-11-18 14:45:00+00:00,24654.25,24738.25,24615.75,24623.0,18117,NQZ5,2025-11-18 09:45:00-05:00,14,45,True,-31.25,31.25,84.0,7.25,122.5,0.2551020408163265,False,False,False,True,False,False,False,-0.1908784469804654,0.0842708037200991,-0.2233683954026722,24890.75,24615.75,24890.75,24645.5,False,True,False,True,24576.0,0.1908784469804654,2025,11
2025-11-18 14:45:00+00:00,24942.5,24983.75,24875.0,24875.0,13,NQH6,2025-11-18 09:45:00-05:00,14,45,True,-67.5,67.5,41.25,0.0,108.75,0.6206896551724138,False,False,False,False,False,False,False,-0.1889447236180904,0.0613065326633165,-0.1889447236180904,25137.0,24875.0,25137.0,24912.25,False,True,False,True,24828.0,0.18894472361809045,2025,11
2025-12-03 14:00:00+00:00,25648.0,25653.0,25512.75,25523.5,11934,NQZ5,2025-12-03 09:00:00-05:00,14,0,True,-124.5,124.5,5.0,10.75,140.25,0.8877005347593583,False,False,False,False,False,False,False,-0.3251905107058201,0.0499539639939663,-0.3888573275608752,25671.75,25512.75,25671.75,25591.5,True,True,False,True,25440.5,0.3251905107058201,2025,12
2025-12-03 14:00:00+00:00,25900.25,25903.5,25769.25,25769.25,43,NQH6,2025-12-03 09:00:00-05:00,14,0,True,-131.0,131.0,3.25,0.0,134.25,0.9757914338919924,False,False,False,False,False,False,False,-0.2687311427379532,0.0155223764758384,-0.3211191633439079,25920.5,25769.25,25920.5,25835.0,True,True,False,True,25700.0,0.2687311427379532,2025,12
2025-12-03 14:05:00+00:00,25520.75,25536.25,25424.25,25440.5,12174,NQZ5,2025-12-03 09:05:00-05:00,14,5,True,-80.25,80.25,15.5,16.25,112.0,0.7165178571428571,False,False,False,False,False,False,False,-0.0265324973958845,0.1316798018906861,-0.0746840667439712,25671.75,25424.25,25671.75,25512.75,False,True,False,True,25433.75,0.026532497395884515,2025,12
2025-12-03 14:05:00+00:00,252.3,252.35,251.8,251.8,19,NQZ5-NQH6,2025-12-03 09:05:00-05:00,14,5,True,-0.5,0.5,0.0499999999999829,0.0,0.549999999999983,0.9090909090909371,False,False,False,False,False,False,False,-0.2184273232724429,0.2184273232724316,-0.2184273232724429,253.85,251.8,253.85,252.1,False,True,False,True,251.25,0.21842732327244296,2025,12
2025-12-03 14:05:00+00:00,25765.0,25773.25,25686.5,25700.0,52,NQH6,2025-12-03 09:05:00-05:00,14,5,True,-65.0,65.0,8.25,13.5,86.75,0.7492795389048992,False,False,False,False,False,False,False,-0.0778210116731517,0.0933852140077821,-0.0836575875486381,25920.5,25686.5,25920.5,25769.25,False,True,False,True,25680.0,0.07782101167315175,2025,12
2025-12-04 14:30:00+00:00,25962.25,25962.25,25813.25,25814.5,70,NQH6,2025-12-04 09:30:00-05:00,14,30,True,-147.75,147.75,0.0,1.25,149.0,0.9916107382550337,False,False,False,False,False,False,False,0.1917526971275833,0.2469542311491603,-0.0251796470975614,25980.0,25813.25,25980.0,25870.0,True,True,False,True,25864.0,-0.19175269712758333,2025,12
2025-12-04 14:30:00+00:00,25712.0,25713.0,25560.0,25566.5,21271,NQZ5,2025-12-04 09:30:00-05:00,14,30,True,-145.5,145.5,1.0,6.5,153.0,0.9509803921568628,False,False,False,False,True,False,False,0.1975241038077171,0.2757514716523576,-0.0616040521776543,25732.5,25560.0,25732.5,25618.25,True,True,False,True,25617.0,-0.19752410380771712,2025,12
2025-12-11 14:30:00+00:00,25901.0,25904.5,25820.0,25820.0,292,NQH6,2025-12-11 09:30:00-05:00,14,30,True,-81.0,81.0,3.5,0.0,84.5,0.9585798816568049,False,False,False,False,False,False,False,0.1113477924089852,0.2546475600309837,0.0242060418280402,26119.5,25820.0,26123.5,25890.0,False,True,False,True,25848.75,-0.11134779240898529,2025,12
2025-12-11 14:30:00+00:00,25643.5,25650.25,25563.5,25573.5,22957,NQZ5,2025-12-11 09:30:00-05:00,14,30,True,-70.0,70.0,6.75,10.0,86.75,0.8069164265129684,False,False,False,False,False,False,False,0.0479011476723952,0.2238645472852757,-0.0342151054802823,25863.5,25563.5,25870.75,25632.0,False,True,False,True,25585.75,-0.047901147672395256,2025,12
2025-12-11 14:45:00+00:00,255.1,255.2,254.55,254.6,85,NQZ5-NQH6,2025-12-11 09:45:00-05:00,14,45,True,-0.5,0.5,0.0999999999999943,0.0499999999999829,0.6499999999999773,0.7692307692307961,False,False,False,False,False,False,False,-0.1767478397486208,0.0,-0.3142183817753272,256.15,254.55,256.15,254.8,False,True,False,True,254.15,0.17674783974862082,2025,12
2025-12-12 14:25:00+00:00,25850.25,25857.25,25818.5,25818.5,171,NQH6,2025-12-12 09:25:00-05:00,14,25,True,-31.75,31.75,7.0,0.0,38.75,0.8193548387096774,False,False,False,False,False,False,False,0.0532563859248213,0.1026395801460193,-0.1191006448864186,25977.25,25818.5,25977.25,25838.0,True,True,False,True,25832.25,-0.05325638592482135,2025,12
2025-12-12 14:25:00+00:00,25593.25,25599.0,25556.75,25559.5,4565,NQZ5,2025-12-12 09:25:00-05:00,14,25,True,-33.75,33.75,5.75,2.75,42.25,0.7988165680473372,False,False,False,False,False,False,False,0.0586865940257047,0.1105264187484105,-0.1212856276531231,25720.0,25556.75,25720.0,25577.25,True,True,False,True,25574.5,-0.058686594025704725,2025,12
2025-12-15 14:45:00+00:00,220.55,220.55,220.55,220.55,1,NQH6-NQM6,2025-12-15 09:45:00-05:00,14,45,True,0.0,0.0,0.0,0.0,0.0,,False,False,False,False,False,False,False,2.4710949897982264,2.4710949897982264,1.9950124688279196,228.95,220.55,228.95,221.95,False,True,False,True,226.0,-2.4710949897982264,2025,12
2025-12-17 14:35:00+00:00,241.0,241.0,238.65,238.7,1469,NQZ5-NQH6,2025-12-17 09:35:00-05:00,14,35,True,-2.3000000000000114,2.3000000000000114,0.0,0.0499999999999829,2.3499999999999943,0.9787234042553264,False,False,False,False,False,False,False,-0.5446166736489246,0.2723083368244682,-0.6074570590699576,242.2,238.65,242.2,239.25,True,True,False,True,237.4,0.5446166736489246,2025,12
2025-12-17 14:35:00+00:00,25401.0,25406.75,25330.25,25336.75,15382,NQH6,2025-12-17 09:35:00-05:00,14,35,True,-64.25,64.25,5.75,6.5,76.5,0.8398692810457516,False,False,False,False,False,False,False,-0.0799234313793205,0.0661095049680799,-0.1578734446998924,25493.0,25330.25,25493.0,25360.75,False,True,False,True,25316.5,0.07992343137932055,2025,12
2025-12-17 14:40:00+00:00,238.9,239.35,237.25,237.4,1229,NQZ5-NQH6,2025-12-17 09:40:00-05:00,14,40,True,-1.5,1.5,0.4499999999999886,0.1500000000000056,2.0999999999999943,0.7142857142857162,False,False,False,False,False,False,False,-0.8635214827295752,0.0842459983150752,-1.305812973883738,242.2,237.25,242.2,238.65,False,True,False,True,235.35,0.8635214827295752,2025,12
2025-12-31 14:35:00+00:00,25666.0,25683.25,25612.0,25630.0,9423,NQH6,2025-12-31 09:35:00-05:00,14,35,True,-36.0,36.0,17.25,18.0,71.25,0.5052631578947369,False,False,False,False,False,False,False,-0.0390167772142021,0.0107296137339055,-0.0809598127194693,25716.75,25612.0,25717.75,25641.25,False,True,False,True,25620.0,0.03901677721420211,2025,12
2026-01-02 14:20:00+00:00,221.0,221.0,221.0,221.0,1,NQH6-NQM6,2026-01-02 09:20:00-05:00,14,20,True,0.0,0.0,0.0,0.0,0.0,,False,False,False,False,False,False,False,0.0678733031674233,0.0678733031674233,0.0678733031674233,223.3,221.0,223.3,221.1,False,True,False,True,221.15,-0.06787330316742338,2026,1
2026-01-08 14:45:00+00:00,224.45,224.7,223.6,224.7,5,NQH6-NQM6,2026-01-08 09:45:00-05:00,14,45,True,0.25,0.25,0.0,0.8499999999999943,1.0999999999999943,0.2272727272727284,True,False,False,False,False,False,False,-0.3337783711615487,-0.3337783711615487,-0.3337783711615487,226.1,223.6,226.1,224.75,False,True,False,True,223.95,0.33377837116154874,2026,1
2026-01-14 14:35:00+00:00,228.0,228.0,227.6,227.6,2,NQH6-NQM6,2026-01-14 09:35:00-05:00,14,35,True,-0.4000000000000057,0.4000000000000057,0.0,0.0,0.4000000000000057,1.0,False,False,False,False,False,False,False,0.0,0.5052724077328672,0.0,229.5,227.6,229.5,227.95,False,True,False,True,227.6,0.0,2026,1
2026-01-14 14:40:00+00:00,25697.25,25712.75,25620.75,25632.0,15259,NQH6,2026-01-14 09:40:00-05:00,14,40,True,-65.25,65.25,15.5,11.25,92.0,0.7092391304347826,False,False,False,False,False,False,False,0.1375234082397003,0.1658083645443196,-0.0702247191011236,25912.0,25620.75,25912.0,25668.25,False,True,False,True,25667.25,-0.13752340823970038,2026,1
2026-01-29 14:35:00+00:00,26330.75,26330.75,26240.25,26250.0,74,NQM6,2026-01-29 09:35:00-05:00,14,35,True,-80.75,80.75,0.0,9.75,90.5,0.8922651933701657,False,False,False,False,False,False,False,-0.2495238095238095,0.0609523809523809,-0.2495238095238095,26443.0,26240.25,26443.0,26318.5,False,True,False,True,26184.5,0.2495238095238095,2026,1
2026-02-03 14:35:00+00:00,26097.5,26101.75,26050.75,26050.75,13,NQM6,2026-02-03 09:35:00-05:00,14,35,True,-46.75,46.75,4.25,0.0,51.0,0.9166666666666666,False,False,False,False,False,False,False,-0.2437549782635816,0.0,-0.3406811704077618,26230.0,26050.75,26230.0,26065.0,True,True,False,True,25987.25,0.24375497826358167,2026,2
2026-02-03 14:40:00+00:00,26038.75,26050.75,25962.0,25987.25,62,NQM6,2026-02-03 09:40:00-05:00,14,40,True,-51.5,51.5,12.0,25.25,88.75,0.5802816901408451,False,False,False,False,False,False,False,0.1404534916160809,0.1837439513607634,-0.0057720612992909,26230.0,25962.0,26230.0,26050.75,False,True,False,True,26023.75,-0.14045349161608095,2026,2
2026-02-12 14:45:00+00:00,25509.5,25509.5,25484.5,25484.5,7,NQM6,2026-02-12 09:45:00-05:00,14,45,True,-25.0,25.0,0.0,0.0,25.0,1.0,False,False,False,False,False,False,False,0.06082128352528,0.06082128352528,-0.0225627342109909,25630.0,25484.5,25630.0,25498.5,False,True,False,True,25500.0,-0.06082128352528007,2026,2
2026-02-13 14:35:00+00:00,24914.5,24937.25,24887.5,24900.0,19,NQM6,2026-02-13 09:35:00-05:00,14,35,True,-14.5,14.5,22.75,12.5,49.75,0.2914572864321608,False,False,False,False,False,False,False,0.1224899598393574,0.1224899598393574,-0.4016064257028112,25092.0,24887.5,25114.0,24914.25,False,True,False,True,24930.5,-0.12248995983935743,2026,2
2026-02-16 14:40:00+00:00,24952.25,24952.25,24930.0,24932.5,14,NQM6,2026-02-16 09:40:00-05:00,14,40,True,-19.75,19.75,0.0,2.5,22.25,0.8876404494382022,False,False,False,False,False,False,False,-0.014037902336308,-0.014037902336308,-0.0611651458939135,25110.0,24930.0,25110.0,24952.5,False,True,False,True,24929.0,0.014037902336308031,2026,2
2026-02-17 14:50:00+00:00,24661.0,24677.25,24524.5,24531.5,16931,NQH6,2026-02-17 09:50:00-05:00,14,50,True,-129.5,129.5,16.25,7.0,152.75,0.8477905073649754,False,False,False,False,False,False,False,-0.1864949147015062,0.0723559505126062,-0.2303161241668875,24815.75,24524.5,24815.75,24577.0,True,True,False,True,24485.75,0.18649491470150623,2026,2
2026-02-17 14:50:00+00:00,24887.75,24887.75,24745.5,24745.5,91,NQM6,2026-02-17 09:50:00-05:00,14,50,True,-142.25,142.25,0.0,0.0,142.25,1.0,False,False,False,False,False,False,False,-0.177810106888121,0.0464730961184861,-0.228324341799519,25032.0,24745.5,25032.0,24795.0,False,True,False,True,24701.5,0.17781010688812107,2026,2
2026-02-17 14:55:00+00:00,24531.75,24549.25,24475.0,24485.75,13444,NQH6,2026-02-17 09:55:00-05:00,14,55,True,-46.0,46.0,17.5,10.75,74.25,0.6195286195286195,False,False,False,False,False,False,False,0.2828175571505875,0.3287626476624159,-0.0959741890691524,24815.75,24475.0,24815.75,24524.5,False,True,False,True,24555.0,-0.28281755715058754,2026,2
2026-02-23 14:40:00+00:00,24996.75,24997.0,24879.0,24881.75,14934,NQH6,2026-02-23 09:40:00-05:00,14,40,True,-115.0,115.0,0.25,2.75,118.0,0.9745762711864406,False,False,False,False,False,False,False,0.0411948516482964,0.1667889115516392,-0.0964562380057672,25079.25,24879.0,25079.25,24910.0,True,True,False,True,24892.0,-0.04119485164829644,2026,2
2026-04-07 14:50:00+00:00,218.1,218.1,215.2,215.2,31,NQM6-NQU6,2026-04-07 10:50:00-04:00,14,50,True,-2.9000000000000057,2.9000000000000057,0.0,0.0,2.9000000000000057,1.0,False,False,False,False,False,False,False,0.6737918215613463,0.6737918215613463,0.3949814126394158,218.6,215.2,218.6,215.35,True,True,False,True,216.65,-0.6737918215613463,2026,4
