trade_id,signal_ts,entry_ts,exit_ts,symbol,signal_family,session,direction,entry_price,exit_price,initial_stop,target,target_plan,exit_reason,bars_held,gross_points,net_points,net_dollars,entry_index,exit_index
TRD-2B07569D4F57,2026-03-27 01:28:00+00:00,2026-03-27 01:29:00+00:00,2026-03-27 01:59:00+00:00,NQM6,trend_transition_long,asia,1,23864.0,23872.0,23844.426348872366,23912.934127819084,fixed_r,max_hold,30,8.0,6.5,130.0,89,119
TRD-37C02E08357E,2026-03-27 04:20:00+00:00,2026-03-27 04:21:00+00:00,2026-03-27 04:25:00+00:00,NQM6,trend_transition_long,asia,1,23896.75,23889.574692477014,23889.574692477014,23914.688268807466,fixed_r,protective_stop,4,-7.175307522986259,-8.675307522986259,-173.50615045972518,261,265
TRD-C23DBA1BB9D4,2026-03-27 04:34:00+00:00,2026-03-27 04:35:00+00:00,2026-03-27 05:00:00+00:00,NQM6,trend_transition_long,asia,1,23902.25,23922.472720268266,23894.160911892694,23922.472720268266,fixed_r,target,25,20.22272026826613,18.72272026826613,374.4544053653226,275,300
TRD-BABF0DCB88B0,2026-03-27 15:23:00+00:00,2026-03-27 15:24:00+00:00,2026-03-27 15:54:00+00:00,NQM6,trend_transition_long,us_rth,1,23557.5,23561.5,23449.981632164727,23826.295919588185,fixed_r,max_hold,30,4.0,2.5,50.0,924,954
TRD-1A34083A56B5,2026-03-30 02:06:00+00:00,2026-03-30 02:07:00+00:00,2026-03-30 02:20:00+00:00,NQM6,trend_transition_long,asia,1,23221.25,23196.574559591638,23196.574559591638,23282.938601020905,fixed_r,protective_stop,13,-24.675440408362192,-26.175440408362192,-523.5088081672438,1507,1520
TRD-91F9D6FB517E,2026-03-30 03:06:00+00:00,2026-03-30 03:07:00+00:00,2026-03-30 03:26:00+00:00,NQM6,trend_transition_long,asia,1,23277.0,23290.478880639665,23253.940193615224,23334.649515961937,fixed_r,protective_stop,19,13.478880639664567,11.978880639664567,239.57761279329134,1567,1586
TRD-8E7C1EB909CF,2026-03-30 04:00:00+00:00,2026-03-30 04:01:00+00:00,2026-03-30 04:25:00+00:00,NQM6,trend_transition_long,asia,1,23300.0,23330.53269856262,23287.786920574952,23330.53269856262,fixed_r,target,24,30.53269856261977,29.03269856261977,580.6539712523954,1621,1645
TRD-BB05B3B6D9F2,2026-03-30 08:31:00+00:00,2026-03-30 08:32:00+00:00,2026-03-30 09:02:00+00:00,NQM6,trend_transition_long,europe,1,23438.5,23443.25,23413.132048525073,23501.919878687317,fixed_r,max_hold,30,4.75,3.25,65.0,1892,1922
TRD-4FE6CE83363C,2026-03-30 10:50:00+00:00,2026-03-30 10:51:00+00:00,2026-03-30 11:20:00+00:00,NQM6,trend_transition_long,europe,1,23413.25,23445.708187933666,23389.76408637286,23471.96478406785,fixed_r,protective_stop,29,32.45818793366561,30.958187933665613,619.1637586733123,2031,2060
TRD-5017323A9079,2026-03-30 13:00:00+00:00,2026-03-30 13:01:00+00:00,2026-03-30 13:05:00+00:00,NQM6,trend_pullback_long,europe,1,23517.0,23493.871182226336,23493.871182226336,23586.386453320993,trend_pullback_extension,protective_stop,4,-23.128817773664196,-24.628817773664196,-492.5763554732839,2161,2165
TRD-88734BE46A29,2026-03-30 22:00:00+00:00,2026-03-30 22:01:00+00:00,2026-03-30 22:31:00+00:00,NQM6,trend_transition_long,us_late,1,23131.25,23116.75,23101.104740217073,23165.25,trend_range_target,max_hold,30,-14.5,-16.0,-320.0,2641,2671
TRD-28C3127729C4,2026-03-31 05:47:00+00:00,2026-03-31 05:48:00+00:00,2026-03-31 06:01:00+00:00,NQM6,trend_transition_long,asia,1,23323.5,23296.07152220991,23296.07152220991,23392.071194475226,fixed_r,protective_stop,13,-27.428477790090255,-28.928477790090255,-578.5695558018051,3108,3121
TRD-C3AF9BED60BD,2026-03-31 08:04:00+00:00,2026-03-31 08:05:00+00:00,2026-03-31 08:14:00+00:00,NQM6,trend_transition_long,europe,1,23382.75,23342.55791837873,23342.55791837873,23483.230204053172,fixed_r,protective_stop,9,-40.19208162126961,-41.69208162126961,-833.8416324253922,3245,3254
TRD-6B156A66638A,2026-03-31 09:04:00+00:00,2026-03-31 09:05:00+00:00,2026-03-31 09:35:00+00:00,NQM6,trend_transition_long,europe,1,23337.5,23319.5,23300.9126465894,23390.25,trend_range_target,max_hold,30,-18.0,-19.5,-390.0,3305,3335
TRD-76A0E831F81C,2026-03-31 11:11:00+00:00,2026-03-31 11:12:00+00:00,2026-03-31 11:19:00+00:00,NQM6,trend_transition_long,europe,1,23306.5,23339.223064143527,23259.532321019695,23423.919197450763,fixed_r,protective_stop,7,32.723064143527154,31.223064143527154,624.4612828705431,3432,3439
TRD-172DE733E2FD,2026-03-31 11:44:00+00:00,2026-03-31 11:45:00+00:00,2026-03-31 11:48:00+00:00,NQM6,trend_transition_long,europe,1,23381.25,23348.73951395205,23348.73951395205,23462.526215119877,fixed_r,protective_stop,3,-32.51048604795142,-34.01048604795142,-680.2097209590283,3465,3468
TRD-DE304DA7EFEF,2026-03-31 12:00:00+00:00,2026-03-31 12:01:00+00:00,2026-03-31 12:10:00+00:00,NQM6,trend_pullback_long,europe,1,23374.75,23399.39077290558,23341.8318337572,23473.504498728405,trend_pullback_extension,protective_stop,9,24.64077290557907,23.14077290557907,462.8154581115814,3481,3490
TRD-8EE768A5B48B,2026-03-31 13:30:00+00:00,2026-03-31 13:31:00+00:00,2026-03-31 13:54:00+00:00,NQM6,trend_transition_long,us_rth,1,23415.75,23554.928181112475,23360.07872755501,23554.928181112475,fixed_r,target,23,139.1781811124747,137.6781811124747,2753.563622249494,3571,3594
TRD-EDC588883E98,2026-03-31 14:33:00+00:00,2026-03-31 14:34:00+00:00,2026-03-31 14:36:00+00:00,NQM6,trend_pullback_long,us_rth,1,23578.75,23530.28534293605,23530.28534293605,23724.143971191847,trend_pullback_extension,protective_stop,2,-48.464657063948835,-49.964657063948835,-999.2931412789767,3634,3636
TRD-F508367C91A1,2026-03-31 16:38:00+00:00,2026-03-31 16:39:00+00:00,2026-03-31 16:41:00+00:00,NQM6,trend_transition_long,us_rth,1,23613.75,23791.81077283558,23542.52569086577,23791.81077283558,fixed_r,target,2,178.06077283557897,176.56077283557897,3531.2154567115795,3759,3761
TRD-DEBE3D382F8E,2026-03-31 18:37:00+00:00,2026-03-31 18:38:00+00:00,2026-03-31 19:08:00+00:00,NQM6,trend_transition_long,us_rth,1,23857.25,23837.5,23820.685707474215,23948.660731314463,fixed_r,max_hold,30,-19.75,-21.25,-425.0,3878,3908
TRD-4F878E5325FE,2026-03-31 19:15:00+00:00,2026-03-31 19:16:00+00:00,2026-03-31 19:46:00+00:00,NQM6,trend_transition_long,us_rth,1,23897.75,23928.5,23860.964511576894,23989.713721057764,fixed_r,max_hold,30,30.75,29.25,585.0,3916,3946
TRD-397122C3603C,2026-03-31 23:17:00+00:00,2026-03-31 23:18:00+00:00,2026-03-31 23:36:00+00:00,NQM6,trend_transition_long,asia,1,23967.25,24013.987574619656,23948.554970152138,24013.987574619656,fixed_r,target,18,46.73757461965579,45.23757461965579,904.7514923931158,4098,4116
TRD-A0F2AD2FBD41,2026-04-01 03:33:00+00:00,2026-04-01 03:34:00+00:00,2026-04-01 04:04:00+00:00,NQM6,trend_transition_long,asia,1,23984.75,23986.25,23973.727989678406,24012.305025803988,fixed_r,max_hold,30,1.5,0.0,0.0,4354,4384
TRD-BDB882EBE451,2026-04-01 04:22:00+00:00,2026-04-01 04:23:00+00:00,2026-04-01 04:53:00+00:00,NQM6,trend_transition_long,asia,1,24000.0,24021.5,23983.439946723578,24041.400133191055,fixed_r,max_hold,30,21.5,20.0,400.0,4403,4433
TRD-08AAE0E56841,2026-04-01 05:05:00+00:00,2026-04-01 05:06:00+00:00,2026-04-01 05:25:00+00:00,NQM6,trend_transition_long,asia,1,24025.75,24064.840162347893,24010.113935060843,24064.840162347893,fixed_r,target,19,39.090162347893056,37.590162347893056,751.8032469578611,4446,4465
TRD-FC547CE32241,2026-04-01 10:41:00+00:00,2026-04-01 10:42:00+00:00,2026-04-01 10:55:00+00:00,NQM6,trend_transition_long,europe,1,24093.0,24119.37055114202,24072.127033534056,24145.182416164862,fixed_r,protective_stop,13,26.370551142019394,24.870551142019394,497.4110228403879,4782,4795
TRD-D4104B1C9F68,2026-04-01 11:38:00+00:00,2026-04-01 11:39:00+00:00,2026-04-01 12:00:00+00:00,NQM6,trend_transition_long,europe,1,24179.75,24186.461834603557,24162.137890200207,24223.780274499484,fixed_r,protective_stop,21,6.711834603556781,5.211834603556781,104.23669207113562,4839,4860
TRD-D2CE7B90BE14,2026-04-01 12:44:00+00:00,2026-04-01 12:45:00+00:00,2026-04-01 12:49:00+00:00,NQM6,trend_transition_long,europe,1,24186.75,24078.75697574276,24078.75697574276,24456.732560643104,fixed_r,protective_stop,4,-107.9930242572409,-109.4930242572409,-2189.860485144818,4905,4909
TRD-F781E3D346E5,2026-04-01 14:15:00+00:00,2026-04-01 14:16:00+00:00,2026-04-01 14:39:00+00:00,NQM6,trend_transition_long,us_rth,1,24181.5,24234.75,24129.10310699271,24234.75,trend_range_target,target,23,53.25,51.75,1035.0,4996,5019
TRD-C14A496AFDD2,2026-04-01 17:03:00+00:00,2026-04-01 17:04:00+00:00,2026-04-01 17:34:00+00:00,NQM6,trend_pullback_long,us_rth,1,24338.5,24313.783052648487,24313.783052648487,24392.0625,trend_pullback_extension,protective_stop,30,-24.716947351513227,-26.216947351513227,-524.3389470302645,5164,5194
TRD-7D393468759F,2026-04-02 05:30:00+00:00,2026-04-02 05:31:00+00:00,2026-04-02 05:32:00+00:00,NQM6,trend_transition_long,asia,1,23823.0,23804.78782912278,23804.78782912278,23841.25,trend_range_target,protective_stop,1,-18.21217087722107,-19.71217087722107,-394.2434175444214,5851,5852
TRD-11771F02BDB8,2026-04-02 14:06:00+00:00,2026-04-02 14:07:00+00:00,2026-04-02 14:36:00+00:00,NQM6,trend_transition_long,us_rth,1,23944.5,24196.80872132371,23843.576511470517,24196.80872132371,fixed_r,target,29,252.3087213237086,250.8087213237086,5016.174426474172,6367,6396
TRD-B1B7017816A4,2026-04-02 19:10:00+00:00,2026-04-02 19:11:00+00:00,2026-04-02 19:16:00+00:00,NQM6,trend_transition_long,us_rth,1,24174.75,24149.18256798645,24149.18256798645,24238.66858003388,fixed_r,protective_stop,5,-25.567432013551297,-27.067432013551297,-541.3486402710259,6671,6676
TRD-C816A06D84A9,2026-04-02 19:50:00+00:00,2026-04-02 19:51:00+00:00,2026-04-02 20:21:00+00:00,NQM6,trend_pullback_long,us_rth,1,24187.75,24205.5,24134.689119623643,24244.0625,trend_pullback_extension,max_hold,30,17.75,16.25,325.0,6711,6741
TRD-007CCC346630,2026-04-02 20:29:00+00:00,2026-04-02 20:30:00+00:00,2026-04-02 20:34:00+00:00,NQM6,trend_transition_long,us_late,1,24225.0,24207.20231114478,24207.20231114478,24269.494222138048,fixed_r,protective_stop,4,-17.79768885521844,-19.29768885521844,-385.9537771043688,6750,6754
TRD-20FBFFD8C577,2026-04-03 00:00:00+00:00,2026-04-03 00:01:00+00:00,2026-04-03 00:03:00+00:00,NQM6,trend_transition_long,asia,1,24226.5,24240.701105999353,24208.416482159293,24271.708794601767,fixed_r,protective_stop,2,14.201105999352876,12.701105999352876,254.02211998705752,6900,6902
TRD-62D7738350E1,2026-04-03 04:04:00+00:00,2026-04-03 04:05:00+00:00,2026-04-03 04:35:00+00:00,NQM6,trend_transition_long,asia,1,24174.25,24174.75,24164.627403504084,24197.75,trend_range_target,max_hold,30,0.5,-1.0,-20.0,7144,7174
TRD-87A5EECB4C6D,2026-04-03 05:05:00+00:00,2026-04-03 05:06:00+00:00,2026-04-03 05:18:00+00:00,NQM6,trend_transition_long,asia,1,24185.5,24168.90448229122,24168.90448229122,24226.988794271954,fixed_r,protective_stop,12,-16.5955177087817,-18.0955177087817,-361.910354175634,7205,7217
TRD-6B664B287CCA,2026-04-03 08:01:00+00:00,2026-04-03 08:02:00+00:00,2026-04-03 08:22:00+00:00,NQM6,trend_transition_long,europe,1,24166.0,24147.531764811774,24147.531764811774,24212.170587970562,fixed_r,protective_stop,20,-18.468235188225663,-19.968235188225663,-399.36470376451325,7381,7401
TRD-E7D8ECC796C9,2026-04-03 12:01:00+00:00,2026-04-03 12:02:00+00:00,2026-04-03 12:07:00+00:00,NQM6,trend_pullback_long,europe,1,24157.0,24169.735522991497,24145.44794831403,24191.656155057906,trend_pullback_extension,protective_stop,5,12.735522991497419,11.235522991497419,224.71045982994838,7616,7621
TRD-FAAF66C8245F,2026-04-06 00:57:00+00:00,2026-04-06 00:58:00+00:00,2026-04-06 01:28:00+00:00,NQM6,trend_transition_long,asia,1,24213.5,24234.25,24192.241957896404,24266.64510525899,fixed_r,max_hold,30,20.75,19.25,385.0,7867,7897
TRD-66D06065704B,2026-04-06 04:34:00+00:00,2026-04-06 04:35:00+00:00,2026-04-06 05:05:00+00:00,NQM6,trend_pullback_long,asia,1,24243.25,24257.25,24218.857796394,24316.426610817998,trend_pullback_extension,max_hold,30,14.0,12.5,250.0,8084,8114
TRD-159E3C5DDD37,2026-04-06 06:07:00+00:00,2026-04-06 06:08:00+00:00,2026-04-06 06:12:00+00:00,NQM6,trend_transition_long,asia,1,24247.25,24268.0,24229.5932388515,24268.0,trend_range_target,target,4,20.75,19.25,385.0,8177,8181
TRD-93AD53C19105,2026-04-06 07:31:00+00:00,2026-04-06 07:32:00+00:00,2026-04-06 07:52:00+00:00,NQM6,trend_pullback_long,europe,1,24252.5,24319.261472215036,24230.24617592832,24319.261472215036,trend_pullback_extension,target,20,66.76147221503561,65.26147221503561,1305.2294443007122,8261,8281
TRD-E7351536E2ED,2026-04-06 12:28:00+00:00,2026-04-06 12:29:00+00:00,2026-04-06 12:49:00+00:00,NQM6,trend_transition_long,europe,1,24313.0,24321.28043843324,24296.901926882107,24353.245182794733,fixed_r,protective_stop,20,8.280438433241216,6.7804384332412155,135.6087686648243,8558,8578
TRD-12EB870E14B9,2026-04-06 13:30:00+00:00,2026-04-06 13:31:00+00:00,2026-04-06 14:01:00+00:00,NQM6,trend_transition_long,us_rth,1,24329.0,24389.884259391547,24245.235644096923,24538.41088975769,fixed_r,protective_stop,30,60.88425939154695,59.38425939154695,1187.685187830939,8620,8650
TRD-02E56F807BE8,2026-04-06 18:10:00+00:00,2026-04-06 18:11:00+00:00,2026-04-06 18:26:00+00:00,NQM6,trend_transition_long,us_rth,1,24301.0,24334.499508976834,24255.84185716385,24413.895357090376,fixed_r,protective_stop,15,33.49950897683448,31.999508976834477,639.9901795366895,8900,8915
TRD-93DB4B9DA47A,2026-04-06 19:45:00+00:00,2026-04-06 19:46:00+00:00,2026-04-06 20:16:00+00:00,NQM6,trend_transition_long,us_rth,1,24352.0,24341.5,24331.24392042843,24403.890198928922,fixed_r,max_hold,30,-10.5,-12.0,-240.0,8995,9025
TRD-3311CB125768,2026-04-06 22:00:00+00:00,2026-04-06 22:01:00+00:00,2026-04-06 22:23:00+00:00,NQM6,trend_transition_long,us_late,1,24361.0,24330.304068237165,24330.304068237165,24437.739829407088,fixed_r,protective_stop,22,-30.695931762835244,-32.195931762835244,-643.9186352567049,9070,9092
TRD-76498E20A81C,2026-04-07 02:46:00+00:00,2026-04-07 02:47:00+00:00,2026-04-07 03:17:00+00:00,NQM6,trend_transition_long,asia,1,24211.25,24208.0,24196.321135335533,24256.0365939934,trend_range_target,max_hold,30,-3.25,-4.75,-95.0,9356,9386
TRD-BF709A746F23,2026-04-07 04:25:00+00:00,2026-04-07 04:26:00+00:00,2026-04-07 04:52:00+00:00,NQM6,trend_transition_long,asia,1,24232.25,24250.509127381258,24213.610150437034,24278.849623907416,fixed_r,protective_stop,26,18.259127381257713,16.759127381257713,335.18254762515426,9455,9481
TRD-CC6E69A1BFEC,2026-04-07 06:08:00+00:00,2026-04-07 06:09:00+00:00,2026-04-07 06:11:00+00:00,NQM6,trend_transition_long,asia,1,24237.75,24220.47104792898,24220.47104792898,24264.0,trend_range_target,protective_stop,2,-17.278952071021195,-18.778952071021195,-375.5790414204239,9558,9560
TRD-1FF5F52FC9CE,2026-04-07 08:00:00+00:00,2026-04-07 08:01:00+00:00,2026-04-07 08:03:00+00:00,NQM6,trend_transition_long,europe,1,24269.25,24319.25701302493,24235.826828967773,24352.80792758057,fixed_r,protective_stop,2,50.00701302492962,48.50701302492962,970.1402604985924,9670,9672
TRD-8923E40432F2,2026-04-07 09:09:00+00:00,2026-04-07 09:10:00+00:00,2026-04-07 09:28:00+00:00,NQM6,trend_transition_long,europe,1,24374.75,24392.43675143643,24355.37349693022,24423.19125767445,fixed_r,protective_stop,18,17.686751436431223,16.186751436431223,323.73502872862446,9739,9757
TRD-4A1E166BCF41,2026-04-07 09:34:00+00:00,2026-04-07 09:35:00+00:00,2026-04-07 09:42:00+00:00,NQM6,trend_transition_long,europe,1,24418.75,24394.8594803502,24394.8594803502,24478.476299124504,fixed_r,protective_stop,7,-23.890519649801718,-25.390519649801718,-507.81039299603435,9764,9771
TRD-8FAF090AA247,2026-04-07 12:55:00+00:00,2026-04-07 12:56:00+00:00,2026-04-07 13:26:00+00:00,NQM6,trend_transition_long,europe,1,24261.25,24236.0,24181.52342633805,24460.56643415487,fixed_r,max_hold,30,-25.25,-26.75,-535.0,9965,9995
TRD-68D5FD829E75,2026-04-07 15:55:00+00:00,2026-04-07 15:56:00+00:00,2026-04-07 16:03:00+00:00,NQM6,trend_transition_long,us_rth,1,24104.5,24224.39626284756,24056.541494860976,24224.39626284756,fixed_r,target,7,119.89626284756014,118.39626284756014,2367.9252569512028,10145,10152
TRD-1C8D4FCF453F,2026-04-07 19:44:00+00:00,2026-04-07 19:45:00+00:00,2026-04-07 19:47:00+00:00,NQM6,trend_pullback_long,us_rth,1,24240.5,24281.101182333536,24186.354777135257,24402.93566859423,trend_pullback_extension,protective_stop,2,40.60118233353569,39.10118233353569,782.0236466707138,10374,10376
TRD-7D4F2E60FB80,2026-04-07 20:41:00+00:00,2026-04-07 20:42:00+00:00,2026-04-07 22:00:00+00:00,NQM6,trend_pullback_long,us_late,1,24427.75,24641.0,24354.52831950809,24641.0,trend_pullback_extension,target,18,213.25,211.75,4235.0,10431,10449
TRD-7891F3C9982C,2026-04-07 22:37:00+00:00,2026-04-07 22:38:00+00:00,2026-04-07 23:07:00+00:00,NQM6,trend_transition_long,us_late,1,24782.0,24919.485817277407,24621.655861345225,25182.86034663694,fixed_r,protective_stop,29,137.48581727740748,135.98581727740748,2719.7163455481495,10487,10516
TRD-163C112C6FCE,2026-04-08 00:02:00+00:00,2026-04-08 00:03:00+00:00,2026-04-08 00:04:00+00:00,NQM6,trend_transition_long,asia,1,25082.5,25045.179775190114,25045.179775190114,25175.800562024713,fixed_r,protective_stop,1,-37.320224809885985,-38.820224809885985,-776.4044961977197,10572,10573
TRD-84973161F1DB,2026-04-08 03:00:00+00:00,2026-04-08 03:01:00+00:00,2026-04-08 03:12:00+00:00,NQM6,trend_transition_long,asia,1,25114.75,25103.562330566532,25103.562330566532,25142.719173583668,fixed_r,protective_stop,11,-11.187669433467818,-12.687669433467818,-253.75338866935635,10750,10761
TRD-4DAB824F0455,2026-04-08 05:50:00+00:00,2026-04-08 05:51:00+00:00,2026-04-08 06:21:00+00:00,NQM6,trend_pullback_long,asia,1,25175.5,25176.0,25148.610592909314,25218.75,trend_pullback_extension,max_hold,30,0.5,-1.0,-20.0,10920,10950
TRD-4A8C88F1CBA0,2026-04-08 08:33:00+00:00,2026-04-08 08:34:00+00:00,2026-04-08 08:37:00+00:00,NQM6,trend_transition_long,europe,1,25182.5,25167.3941431346,25167.3941431346,25220.2646421635,fixed_r,protective_stop,3,-15.10585686540071,-16.60585686540071,-332.1171373080142,11083,11086
TRD-394C44B06A5B,2026-04-08 08:50:00+00:00,2026-04-08 08:51:00+00:00,2026-04-08 09:03:00+00:00,NQM6,trend_transition_long,europe,1,25194.25,25211.766299224688,25173.499863468143,25246.125341329644,fixed_r,protective_stop,12,17.516299224687828,16.016299224687828,320.32598449375655,11100,11112
TRD-BBBE7C237C0E,2026-04-08 09:12:00+00:00,2026-04-08 09:13:00+00:00,2026-04-08 09:26:00+00:00,NQM6,trend_transition_long,europe,1,25242.75,25218.421525009508,25218.421525009508,25303.57118747623,fixed_r,protective_stop,13,-24.328474990492396,-25.828474990492396,-516.5694998098479,11122,11135
TRD-178B71C2D06E,2026-04-08 11:25:00+00:00,2026-04-08 11:26:00+00:00,2026-04-08 11:56:00+00:00,NQM6,trend_transition_long,europe,1,25218.25,25208.0,25200.899074301713,25261.627314245718,fixed_r,max_hold,30,-10.25,-11.75,-235.0,11255,11285
TRD-DBDF7C092B44,2026-04-08 12:03:00+00:00,2026-04-08 12:04:00+00:00,2026-04-08 12:08:00+00:00,NQM6,trend_transition_long,europe,1,25236.25,25237.94220576792,25219.709585990957,25277.601035022606,fixed_r,protective_stop,4,1.6922057679184945,0.19220576791849453,3.8441153583698906,11293,11297
TRD-73724C38A6FA,2026-04-08 15:36:00+00:00,2026-04-08 15:37:00+00:00,2026-04-08 16:01:00+00:00,NQM6,trend_transition_long,us_rth,1,25050.5,25096.25,25008.960764080595,25096.25,trend_range_target,target,24,45.75,44.25,885.0,11506,11530
TRD-910E6E3547EC,2026-04-08 16:55:00+00:00,2026-04-08 16:56:00+00:00,2026-04-08 17:05:00+00:00,NQM6,trend_transition_long,us_rth,1,25154.5,25136.51195694686,25136.51195694686,25199.470107632853,fixed_r,protective_stop,9,-17.988043053141155,-19.488043053141155,-389.7608610628231,11585,11594
TRD-29A30DDA1491,2026-04-08 23:05:00+00:00,2026-04-08 23:06:00+00:00,2026-04-08 23:32:00+00:00,NQM6,trend_transition_long,asia,1,25046.25,25026.797827082548,25026.797827082548,25094.88043229363,fixed_r,protective_stop,26,-19.452172917452117,-20.952172917452117,-419.04345834904234,11895,11921
TRD-D9742E84A892,2026-04-09 01:50:00+00:00,2026-04-09 01:51:00+00:00,2026-04-09 02:10:00+00:00,NQM6,trend_transition_long,asia,1,25018.25,25028.72888805881,25002.217509589038,25058.331226027403,fixed_r,protective_stop,19,10.478888058809389,8.978888058809389,179.57776117618778,12060,12079
TRD-4C2CAEBC25C3,2026-04-09 05:16:00+00:00,2026-04-09 05:17:00+00:00,2026-04-09 05:40:00+00:00,NQM6,trend_transition_long,asia,1,25022.0,25035.730218084853,25004.800446004367,25064.998884989083,fixed_r,protective_stop,23,13.730218084852822,12.230218084852822,244.60436169705645,12266,12289
TRD-3EDAA519AAAA,2026-04-09 06:02:00+00:00,2026-04-09 06:03:00+00:00,2026-04-09 06:22:00+00:00,NQM6,trend_transition_long,asia,1,25046.25,25028.48646899506,25028.48646899506,25090.65882751235,fixed_r,protective_stop,19,-17.763531004940887,-19.263531004940887,-385.27062009881774,12312,12331
TRD-F9A2DBD01BC9,2026-04-09 07:00:00+00:00,2026-04-09 07:01:00+00:00,2026-04-09 07:03:00+00:00,NQM6,trend_transition_long,europe,1,25047.5,25031.569362899663,25031.569362899663,25087.32659275084,fixed_r,protective_stop,2,-15.930637100336753,-17.430637100336753,-348.61274200673506,12370,12372
TRD-C2D9BDF69673,2026-04-09 09:10:00+00:00,2026-04-09 09:11:00+00:00,2026-04-09 09:34:00+00:00,NQM6,trend_transition_long,europe,1,24993.0,25004.708425239263,24976.08649433456,25035.283764163603,fixed_r,protective_stop,23,11.708425239263306,10.208425239263306,204.16850478526612,12500,12523
TRD-1A8A8E1B5B4B,2026-04-09 12:10:00+00:00,2026-04-09 12:11:00+00:00,2026-04-09 12:14:00+00:00,NQM6,trend_transition_long,europe,1,25049.25,25037.294586804423,25037.294586804423,25079.138532988945,fixed_r,protective_stop,3,-11.955413195577421,-13.455413195577421,-269.1082639115484,12680,12683
TRD-75EF2A98CEC0,2026-04-09 13:25:00+00:00,2026-04-09 13:26:00+00:00,2026-04-09 13:30:00+00:00,NQM6,trend_pullback_long,europe,1,25054.0,25098.75,25031.279669695818,25098.75,trend_pullback_extension,target,4,44.75,43.25,865.0,12755,12759
TRD-295F4A69997E,2026-04-09 15:12:00+00:00,2026-04-09 15:13:00+00:00,2026-04-09 15:26:00+00:00,NQM6,trend_transition_long,us_rth,1,25055.75,25077.15371292612,25014.320715726317,25111.5,trend_range_target,protective_stop,13,21.403712926119624,19.903712926119624,398.0742585223925,12862,12875
TRD-1EAC5E0C1C73,2026-04-09 15:48:00+00:00,2026-04-09 15:49:00+00:00,2026-04-09 16:05:00+00:00,NQM6,trend_transition_long,us_rth,1,25173.0,25228.993839677925,25130.88197085498,25278.295072862544,fixed_r,protective_stop,16,55.99383967792528,54.49383967792528,1089.8767935585056,12898,12914
TRD-0CA5F34EF260,2026-04-09 19:30:00+00:00,2026-04-09 19:31:00+00:00,2026-04-09 19:55:00+00:00,NQM6,trend_pullback_long,us_rth,1,25236.0,25247.031927784643,25208.782758777434,25295.9375,trend_pullback_extension,protective_stop,24,11.031927784642903,9.531927784642903,190.63855569285806,13120,13144
TRD-9174242C041A,2026-04-09 23:47:00+00:00,2026-04-09 23:48:00+00:00,2026-04-10 00:02:00+00:00,NQM6,trend_transition_long,asia,1,25228.5,25212.49522386077,25212.49522386077,25253.75,trend_range_target,protective_stop,14,-16.00477613923067,-17.50477613923067,-350.0955227846134,13317,13331
TRD-503DC314B887,2026-04-10 01:27:00+00:00,2026-04-10 01:28:00+00:00,2026-04-10 01:43:00+00:00,NQM6,trend_transition_long,asia,1,25272.25,25287.74449801639,25261.211789661254,25299.845525846864,fixed_r,protective_stop,15,15.494498016389116,13.994498016389116,279.8899603277823,13417,13432
TRD-C5BF471D2894,2026-04-10 03:04:00+00:00,2026-04-10 03:05:00+00:00,2026-04-10 03:10:00+00:00,NQM6,trend_transition_long,asia,1,25280.5,25281.418350337244,25275.75484397056,25294.735468088318,trend_range_target,protective_stop,5,0.9183503372441919,-0.5816496627558081,-11.632993255116162,13514,13519
TRD-1B8C05E7D34A,2026-04-10 03:33:00+00:00,2026-04-10 03:34:00+00:00,2026-04-10 04:04:00+00:00,NQM6,trend_pullback_long,asia,1,25289.5,25291.75,25276.07559972248,25313.9375,trend_pullback_extension,max_hold,30,2.25,0.75,15.0,13543,13573
TRD-DFA77DEA78D7,2026-04-10 08:42:00+00:00,2026-04-10 08:43:00+00:00,2026-04-10 08:47:00+00:00,NQM6,trend_transition_long,europe,1,25233.0,25222.35260777786,25222.35260777786,25256.0,trend_range_target,protective_stop,4,-10.647392222141207,-12.147392222141207,-242.94784444282413,13852,13856
TRD-5ABC0EB4E1C3,2026-04-10 10:23:00+00:00,2026-04-10 10:24:00+00:00,2026-04-10 10:29:00+00:00,NQM6,trend_transition_long,europe,1,25267.5,25270.105692168552,25256.06183725666,25296.09540685835,fixed_r,protective_stop,5,2.6056921685521957,1.1056921685521957,22.113843371043913,13953,13958
TRD-70F84F26E4F1,2026-04-10 10:53:00+00:00,2026-04-10 10:54:00+00:00,2026-04-10 11:06:00+00:00,NQM6,trend_transition_long,europe,1,25277.5,25281.531079416207,25265.588340659804,25307.27914835049,fixed_r,protective_stop,12,4.0310794162069215,2.5310794162069215,50.62158832413843,13983,13995
TRD-ECFF03F8C5A0,2026-04-10 12:29:00+00:00,2026-04-10 12:30:00+00:00,2026-04-10 13:00:00+00:00,NQM6,trend_pullback_long,europe,1,25324.5,25303.75,25275.475852746964,25447.06036813259,fixed_r,max_hold,30,-20.75,-22.25,-445.0,14079,14109
TRD-06311A6FA497,2026-04-10 13:12:00+00:00,2026-04-10 13:13:00+00:00,2026-04-10 13:25:00+00:00,NQM6,trend_pullback_long,europe,1,25319.0,25300.54289198381,25300.54289198381,25374.371324048574,trend_pullback_extension,protective_stop,12,-18.45710801619134,-19.95710801619134,-399.14216032382683,14122,14134
TRD-AE0C884E8C42,2026-04-10 13:30:00+00:00,2026-04-10 13:31:00+00:00,2026-04-10 13:34:00+00:00,NQM6,trend_transition_long,us_rth,1,25326.25,25342.350405143665,25295.942652399357,25386.0,trend_range_target,protective_stop,3,16.10040514366483,14.60040514366483,292.0081028732966,14140,14143
TRD-0A5EEF8B839A,2026-04-10 15:12:00+00:00,2026-04-10 15:13:00+00:00,2026-04-10 15:26:00+00:00,NQM6,trend_transition_long,us_rth,1,25364.5,25368.864387866382,25341.24509993863,25422.63725015342,fixed_r,protective_stop,13,4.364387866382458,2.864387866382458,57.28775732764916,14242,14255
TRD-B636A8C78D09,2026-04-10 20:32:00+00:00,2026-04-10 20:33:00+00:00,2026-04-12 22:00:00+00:00,NQM6,trend_transition_long,us_late,1,25311.25,25328.812815332192,25298.70793136272,25342.605171593204,fixed_r,protective_stop,27,17.562815332192258,16.062815332192258,321.25630664384516,14562,14589
TRD-1C940D139905,2026-04-12 23:52:00+00:00,2026-04-12 23:53:00+00:00,2026-04-13 00:23:00+00:00,NQM6,trend_transition_long,asia,1,24971.25,24995.0,24933.861270421385,25064.721823946536,fixed_r,max_hold,30,23.75,22.25,445.0,14702,14732
TRD-B0BA02B98940,2026-04-13 00:51:00+00:00,2026-04-13 00:52:00+00:00,2026-04-13 01:06:00+00:00,NQM6,trend_transition_long,asia,1,25038.75,25056.18874785215,25017.27663153302,25092.43342116745,fixed_r,protective_stop,14,17.43874785214939,15.93874785214939,318.7749570429878,14761,14775
TRD-AE07FAEE32F5,2026-04-13 04:54:00+00:00,2026-04-13 04:55:00+00:00,2026-04-13 05:11:00+00:00,NQM6,trend_transition_long,asia,1,25080.25,25065.416636391878,25065.416636391878,25117.333409020306,fixed_r,protective_stop,16,-14.833363608122454,-16.333363608122454,-326.6672721624491,15004,15020
TRD-AA03719FA4CB,2026-04-13 05:22:00+00:00,2026-04-13 05:23:00+00:00,2026-04-13 05:34:00+00:00,NQM6,trend_transition_long,asia,1,25087.25,25064.809895777267,25064.809895777267,25143.350260556832,fixed_r,protective_stop,11,-22.44010422273277,-23.94010422273277,-478.8020844546554,15032,15043
TRD-83FD7403C701,2026-04-13 06:00:00+00:00,2026-04-13 06:01:00+00:00,2026-04-13 06:30:00+00:00,NQM6,trend_transition_long,asia,1,25087.0,25107.503534770975,25073.061782201774,25121.845544495565,fixed_r,protective_stop,29,20.50353477097451,19.00353477097451,380.0706954194902,15070,15099
TRD-4FD85BD88C63,2026-04-13 08:01:00+00:00,2026-04-13 08:02:00+00:00,2026-04-13 08:32:00+00:00,NQM6,trend_transition_long,europe,1,25114.75,25110.5,25097.616816322683,25157.582959193292,fixed_r,max_hold,30,-4.25,-5.75,-115.0,15191,15221
TRD-DE8297DB0FD4,2026-04-13 10:46:00+00:00,2026-04-13 10:47:00+00:00,2026-04-13 10:56:00+00:00,NQM6,trend_pullback_long,europe,1,25125.5,25151.75,25112.9155246355,25151.75,trend_pullback_extension,target,9,26.25,24.75,495.0,15356,15365
TRD-FCA4C510DCF7,2026-04-13 13:19:00+00:00,2026-04-13 13:20:00+00:00,2026-04-13 13:30:00+00:00,NQM6,trend_transition_long,europe,1,25188.0,25234.14438823356,25169.542244706576,25234.14438823356,fixed_r,target,10,46.14438823355886,44.64438823355886,892.8877646711771,15509,15519
TRD-48C27A70C608,2026-04-13 13:49:00+00:00,2026-04-13 13:50:00+00:00,2026-04-13 14:20:00+00:00,NQM6,trend_transition_long,us_rth,1,25271.5,25273.5,25181.10546739458,25497.48633151355,fixed_r,max_hold,30,2.0,0.5,10.0,15539,15569
TRD-20F3007A3161,2026-04-13 14:44:00+00:00,2026-04-13 14:45:00+00:00,2026-04-13 15:00:00+00:00,NQM6,trend_pullback_long,us_rth,1,25316.25,25334.50138890798,25279.70335364393,25425.88993906821,trend_pullback_extension,protective_stop,15,18.251388907978253,16.751388907978253,335.02777815956506,15594,15609
TRD-343B9287EE33,2026-04-13 16:50:00+00:00,2026-04-13 16:51:00+00:00,2026-04-13 17:21:00+00:00,NQM6,trend_transition_long,us_rth,1,25424.75,25427.5,25378.962389704753,25539.219025738115,fixed_r,max_hold,30,2.75,1.25,25.0,15720,15750
TRD-A09FF41E4EE2,2026-04-13 19:22:00+00:00,2026-04-13 19:23:00+00:00,2026-04-13 19:35:00+00:00,NQM6,trend_transition_long,us_rth,1,25456.25,25467.00893276506,25443.2455740211,25488.761064947248,fixed_r,protective_stop,12,10.758932765060308,9.258932765060308,185.17865530120616,15872,15884
TRD-E20FF2AAAE41,2026-04-13 19:50:00+00:00,2026-04-13 19:51:00+00:00,2026-04-13 20:21:00+00:00,NQM6,trend_pullback_long,us_rth,1,25511.75,25560.5,25458.003073951644,25646.11731512089,fixed_r,max_hold,30,48.75,47.25,945.0,15900,15930
TRD-19944345ECF3,2026-04-13 20:59:00+00:00,2026-04-13 22:00:00+00:00,2026-04-13 22:01:00+00:00,NQM6,trend_transition_long,us_late,1,25575.25,25571.15427375848,25571.15427375848,25583.75,trend_range_target,protective_stop,1,-4.095726241521334,-5.595726241521334,-111.91452483042667,15969,15970
TRD-A50383B5C58C,2026-04-13 22:40:00+00:00,2026-04-13 22:41:00+00:00,2026-04-13 22:43:00+00:00,NQM6,trend_transition_long,us_late,1,25592.0,25582.407171874675,25582.407171874675,25615.982070313315,fixed_r,protective_stop,2,-9.592828125325468,-11.092828125325468,-221.85656250650936,16010,16012
TRD-7061897528B0,2026-04-13 23:07:00+00:00,2026-04-13 23:08:00+00:00,2026-04-13 23:38:00+00:00,NQM6,trend_transition_long,asia,1,25610.25,25601.5,25592.470570204634,25654.698574488415,fixed_r,max_hold,30,-8.75,-10.25,-205.0,16037,16067
TRD-5BB5E615310D,2026-04-14 00:31:00+00:00,2026-04-14 00:32:00+00:00,2026-04-14 01:01:00+00:00,NQM6,trend_transition_long,asia,1,25588.75,25574.707711658863,25574.707711658863,25619.25,trend_range_target,protective_stop,29,-14.042288341137464,-15.542288341137464,-310.8457668227493,16121,16150
TRD-B768F7A55C40,2026-04-14 02:07:00+00:00,2026-04-14 02:08:00+00:00,2026-04-14 02:19:00+00:00,NQM6,trend_transition_long,asia,1,25587.5,25590.82430167426,25582.41816615098,25600.0,trend_range_target,protective_stop,11,3.324301674259914,1.8243016742599139,36.48603348519828,16217,16228
TRD-56EF64102692,2026-04-14 04:17:00+00:00,2026-04-14 04:18:00+00:00,2026-04-14 04:48:00+00:00,NQM6,trend_transition_long,asia,1,25589.5,25591.5,25583.167232474803,25597.0,trend_range_target,max_hold,30,2.0,0.5,10.0,16347,16377
TRD-310D3B321010,2026-04-14 05:10:00+00:00,2026-04-14 05:11:00+00:00,2026-04-14 05:24:00+00:00,NQM6,trend_pullback_long,asia,1,25594.75,25590.185251230007,25590.185251230007,25608.0,trend_pullback_extension,protective_stop,13,-4.564748769993457,-6.064748769993457,-121.29497539986914,16400,16413
TRD-F496E3FD7666,2026-04-14 07:02:00+00:00,2026-04-14 07:03:00+00:00,2026-04-14 07:07:00+00:00,NQM6,trend_transition_long,europe,1,25596.5,25617.49096577642,25576.34194446244,25646.895138843895,fixed_r,protective_stop,4,20.990965776418307,19.490965776418307,389.81931552836613,16512,16516
TRD-356FE9291F68,2026-04-14 08:27:00+00:00,2026-04-14 08:28:00+00:00,2026-04-14 08:58:00+00:00,NQM6,trend_transition_long,europe,1,25641.75,25658.75,25629.20165580608,25673.120860484803,fixed_r,max_hold,30,17.0,15.5,310.0,16597,16627
TRD-166DF056F2A7,2026-04-14 10:07:00+00:00,2026-04-14 10:08:00+00:00,2026-04-14 10:34:00+00:00,NQM6,trend_transition_long,europe,1,25644.75,25632.579378798644,25632.579378798644,25674.0,trend_range_target,protective_stop,26,-12.17062120135597,-13.67062120135597,-273.4124240271194,16697,16723
TRD-3EE967F4C92D,2026-04-14 11:57:00+00:00,2026-04-14 11:58:00+00:00,2026-04-14 12:28:00+00:00,NQM6,trend_pullback_long,europe,1,25678.25,25689.75,25644.240327297975,25763.274181755063,fixed_r,max_hold,30,11.5,10.0,200.0,16807,16837
TRD-601B198E5FA8,2026-04-14 13:30:00+00:00,2026-04-14 13:31:00+00:00,2026-04-14 13:39:00+00:00,NQM6,trend_transition_long,us_rth,1,25689.0,25717.57258870351,25641.77734208584,25807.0566447854,fixed_r,protective_stop,8,28.57258870351143,27.07258870351143,541.4517740702286,16900,16908
TRD-9ED064095117,2026-04-14 15:46:00+00:00,2026-04-14 15:47:00+00:00,2026-04-14 16:17:00+00:00,NQM6,trend_transition_long,us_rth,1,25882.0,25898.0,25861.21911451822,25933.952213704455,fixed_r,max_hold,30,16.0,14.5,290.0,17036,17066
TRD-4F53B86537CE,2026-04-14 16:49:00+00:00,2026-04-14 16:50:00+00:00,2026-04-14 16:53:00+00:00,NQM6,trend_transition_long,us_rth,1,25935.75,25919.798076614523,25919.798076614523,25975.629808463695,fixed_r,protective_stop,3,-15.95192338547713,-17.45192338547713,-349.0384677095426,17099,17102
TRD-4D6D514D8ED9,2026-04-14 17:16:00+00:00,2026-04-14 17:17:00+00:00,2026-04-14 17:27:00+00:00,NQM6,trend_transition_long,us_rth,1,25933.75,25944.983413223898,25918.090265711857,25972.899335720358,fixed_r,protective_stop,10,11.233413223897514,9.733413223897514,194.6682644779503,17126,17136
TRD-61F2E17C1BD7,2026-04-14 17:38:00+00:00,2026-04-14 17:39:00+00:00,2026-04-14 18:06:00+00:00,NQM6,trend_transition_long,us_rth,1,25960.25,25949.510070455417,25949.510070455417,25987.099823861456,fixed_r,protective_stop,27,-10.739929544582992,-12.239929544582992,-244.79859089165984,17148,17175
TRD-BD68A6781B90,2026-04-14 19:59:00+00:00,2026-04-14 20:00:00+00:00,2026-04-14 20:03:00+00:00,NQM6,trend_transition_long,us_rth,1,26000.5,25977.555192898886,25977.555192898886,26057.862017752785,fixed_r,protective_stop,3,-22.944807101113838,-24.444807101113838,-488.89614202227676,17289,17292
TRD-5B1123905D6C,2026-04-14 20:44:00+00:00,2026-04-14 20:45:00+00:00,2026-04-14 22:00:00+00:00,NQM6,trend_pullback_long,us_late,1,25996.75,25986.695065720753,25986.695065720753,26026.914802837742,trend_pullback_extension,protective_stop,15,-10.05493427924739,-11.55493427924739,-231.09868558494782,17334,17349
TRD-18E8425F940E,2026-04-14 22:05:00+00:00,2026-04-14 22:06:00+00:00,2026-04-14 22:36:00+00:00,NQM6,trend_pullback_long,us_late,1,26002.25,25999.5,25985.549971671044,26040.1875,trend_pullback_extension,max_hold,30,-2.75,-4.25,-85.0,17355,17385
TRD-45224BAC0714,2026-04-14 23:34:00+00:00,2026-04-14 23:35:00+00:00,2026-04-15 00:05:00+00:00,NQM6,trend_pullback_long,asia,1,26029.5,26012.75,26004.201655492416,26092.74586126896,fixed_r,max_hold,30,-16.75,-18.25,-365.0,17444,17474
TRD-CEE59E446FCE,2026-04-15 08:02:00+00:00,2026-04-15 08:03:00+00:00,2026-04-15 08:33:00+00:00,NQM6,trend_transition_long,europe,1,26011.25,26027.0,25999.808908863357,26039.852727841608,fixed_r,max_hold,30,15.75,14.25,285.0,17952,17982
TRD-8EA8D813E67F,2026-04-15 08:54:00+00:00,2026-04-15 08:55:00+00:00,2026-04-15 09:02:00+00:00,NQM6,trend_transition_long,europe,1,26032.75,26022.722127393045,26022.722127393045,26057.819681517387,fixed_r,protective_stop,7,-10.027872606955498,-11.527872606955498,-230.55745213910996,18004,18011
TRD-A747CCEF6185,2026-04-15 13:25:00+00:00,2026-04-15 13:26:00+00:00,2026-04-15 13:44:00+00:00,NQM6,trend_pullback_long,europe,1,26020.25,25983.874731796543,25983.874731796543,26111.18817050864,fixed_r,protective_stop,18,-36.37526820345738,-37.87526820345738,-757.5053640691476,18275,18293
TRD-68A442585D95,2026-04-15 14:14:00+00:00,2026-04-15 14:15:00+00:00,2026-04-15 14:38:00+00:00,NQM6,trend_transition_long,us_rth,1,26090.5,26127.297985500565,26057.165791758278,26173.835520604305,fixed_r,protective_stop,23,36.79798550056512,35.29798550056512,705.9597100113024,18324,18347
TRD-9F82352259FE,2026-04-15 14:49:00+00:00,2026-04-15 14:50:00+00:00,2026-04-15 15:20:00+00:00,NQM6,trend_transition_long,us_rth,1,26163.0,26187.5,26130.854169021353,26243.364577446617,fixed_r,max_hold,30,24.5,23.0,460.0,18359,18389
TRD-FAE1DBF19AFB,2026-04-15 15:42:00+00:00,2026-04-15 15:43:00+00:00,2026-04-15 16:13:00+00:00,NQM6,trend_transition_long,us_rth,1,26208.25,26220.0,26182.874696026644,26271.68825993339,fixed_r,max_hold,30,11.75,10.25,205.0,18412,18442
TRD-7C9BA156B24B,2026-04-15 17:26:00+00:00,2026-04-15 17:27:00+00:00,2026-04-15 17:57:00+00:00,NQM6,trend_transition_long,us_rth,1,26193.25,26204.75,26168.307832571983,26251.5,trend_range_target,max_hold,30,11.5,10.0,200.0,18516,18546
TRD-917CF051C1CB,2026-04-15 18:31:00+00:00,2026-04-15 18:32:00+00:00,2026-04-15 18:39:00+00:00,NQM6,trend_transition_long,us_rth,1,26259.0,26269.908031451672,26239.97026431281,26306.574339217972,fixed_r,protective_stop,7,10.908031451672286,9.408031451672286,188.16062903344573,18581,18588
TRD-97B02F74BD03,2026-04-15 18:50:00+00:00,2026-04-15 18:51:00+00:00,2026-04-15 19:00:00+00:00,NQM6,trend_transition_long,us_rth,1,26293.25,26299.059820385144,26275.151450769863,26338.496373075344,fixed_r,protective_stop,9,5.809820385144121,4.309820385144121,86.19640770288242,18600,18609
TRD-5BEDEBAB6F40,2026-04-15 19:07:00+00:00,2026-04-15 19:08:00+00:00,2026-04-15 19:14:00+00:00,NQM6,trend_transition_long,us_rth,1,26321.0,26306.933105647702,26306.933105647702,26356.167235880745,fixed_r,protective_stop,6,-14.066894352297822,-15.566894352297822,-311.33788704595645,18617,18623
TRD-6B8D470D7E65,2026-04-15 19:25:00+00:00,2026-04-15 19:26:00+00:00,2026-04-15 19:38:00+00:00,NQM6,trend_transition_long,us_rth,1,26328.75,26343.621222454305,26310.37053765769,26374.698655855773,fixed_r,protective_stop,12,14.871222454305098,13.371222454305098,267.42444908610196,18635,18647
TRD-E10C26B42498,2026-04-15 20:57:00+00:00,2026-04-15 20:58:00+00:00,2026-04-15 22:00:00+00:00,NQM6,trend_transition_long,us_late,1,26359.75,26351.037924827724,26351.037924827724,26377.5,trend_range_target,protective_stop,2,-8.712075172275945,-10.212075172275945,-204.2415034455189,18727,18729
TRD-C93813D6CD8D,2026-04-15 22:31:00+00:00,2026-04-15 22:32:00+00:00,2026-04-15 22:42:00+00:00,NQM6,trend_transition_long,us_late,1,26379.0,26381.73562556481,26369.236234242246,26403.409414394388,fixed_r,protective_stop,10,2.735625564808288,1.235625564808288,24.712511296165758,18761,18771
TRD-9E8245F31F1D,2026-04-16 01:42:00+00:00,2026-04-16 01:43:00+00:00,2026-04-16 01:59:00+00:00,NQM6,trend_transition_long,asia,1,26454.0,26441.76787479993,26441.76787479993,26484.580313000173,fixed_r,protective_stop,16,-12.232125200069277,-13.732125200069277,-274.64250400138553,18952,18968
TRD-BD1CF486E977,2026-04-16 02:39:00+00:00,2026-04-16 02:40:00+00:00,2026-04-16 02:53:00+00:00,NQM6,trend_pullback_long,asia,1,26453.25,26442.884480775945,26442.884480775945,26484.346557672165,trend_pullback_extension,protective_stop,13,-10.365519224054879,-11.865519224054879,-237.31038448109757,19009,19022
TRD-BB16D8E536F6,2026-04-16 05:51:00+00:00,2026-04-16 05:52:00+00:00,2026-04-16 06:13:00+00:00,NQM6,trend_transition_long,asia,1,26459.5,26483.62456653661,26449.850173385355,26483.62456653661,fixed_r,target,21,24.124566536611383,22.624566536611383,452.49133073222765,19201,19222
TRD-6627E0694E2E,2026-04-16 07:37:00+00:00,2026-04-16 07:38:00+00:00,2026-04-16 07:46:00+00:00,NQM6,trend_transition_long,europe,1,26481.75,26473.821799575508,26473.821799575508,26501.57050106123,fixed_r,protective_stop,8,-7.928200424492388,-9.428200424492388,-188.56400848984777,19307,19315
TRD-2F61A607BF31,2026-04-16 13:02:00+00:00,2026-04-16 13:03:00+00:00,2026-04-16 13:23:00+00:00,NQM6,trend_transition_long,europe,1,26422.5,26406.731578135175,26406.731578135175,26461.92105466206,fixed_r,protective_stop,20,-15.768421864824631,-17.26842186482463,-345.36843729649263,19632,19652
TRD-FA4BE5E9D135,2026-04-16 13:29:00+00:00,2026-04-16 13:30:00+00:00,2026-04-16 13:31:00+00:00,NQM6,trend_transition_long,europe,1,26439.0,26412.473542034615,26412.473542034615,26505.316144913464,fixed_r,protective_stop,1,-26.526457965384907,-28.026457965384907,-560.5291593076981,19659,19660
TRD-A9049D29CC04,2026-04-16 14:45:00+00:00,2026-04-16 14:46:00+00:00,2026-04-16 15:16:00+00:00,NQM6,trend_transition_long,us_rth,1,26410.5,26484.25,26364.1502701557,26526.374324610748,fixed_r,max_hold,30,73.75,72.25,1445.0,19735,19765
TRD-82AE15CB3A21,2026-04-16 15:55:00+00:00,2026-04-16 15:56:00+00:00,2026-04-16 16:26:00+00:00,NQM6,trend_pullback_long,us_rth,1,26520.0,26532.0,26481.806473046563,26634.58058086031,trend_pullback_extension,max_hold,30,12.0,10.5,210.0,19805,19835
TRD-2F01737C5782,2026-04-16 17:25:00+00:00,2026-04-16 17:26:00+00:00,2026-04-16 17:55:00+00:00,NQM6,trend_transition_long,us_rth,1,26483.5,26461.13636520582,26461.13636520582,26550.590904382538,trend_range_target,protective_stop,29,-22.363634794179234,-23.863634794179234,-477.2726958835847,19895,19924
TRD-8704031CCD6D,2026-04-16 19:01:00+00:00,2026-04-16 19:02:00+00:00,2026-04-16 19:12:00+00:00,NQM6,trend_transition_long,us_rth,1,26459.5,26434.342144518956,26434.342144518956,26509.75,trend_range_target,protective_stop,10,-25.157855481043953,-26.657855481043953,-533.157109620879,19991,20001
TRD-CD064B142016,2026-04-16 19:35:00+00:00,2026-04-16 19:36:00+00:00,2026-04-16 20:06:00+00:00,NQM6,trend_transition_long,us_rth,1,26470.25,26441.81517104555,26441.81517104555,26541.337072386126,fixed_r,protective_stop,30,-28.434828954450495,-29.934828954450495,-598.6965790890099,20025,20055
TRD-458F21648A85,2026-04-16 22:05:00+00:00,2026-04-16 22:06:00+00:00,2026-04-16 22:36:00+00:00,NQM6,trend_pullback_long,us_late,1,26477.75,26483.25,26459.27937594636,26533.16187216092,trend_pullback_extension,max_hold,30,5.5,4.0,80.0,20115,20145
TRD-70223C562C4D,2026-04-17 00:20:00+00:00,2026-04-17 00:21:00+00:00,2026-04-17 00:51:00+00:00,NQM6,trend_transition_long,asia,1,26487.0,26487.25,26469.550494205894,26530.623764485266,fixed_r,max_hold,30,0.25,-1.25,-25.0,20250,20280
TRD-1A463CFEEB0D,2026-04-17 01:07:00+00:00,2026-04-17 01:08:00+00:00,2026-04-17 01:23:00+00:00,NQM6,trend_pullback_long,asia,1,26494.0,26481.532589056136,26481.532589056136,26528.1875,trend_pullback_extension,protective_stop,15,-12.467410943863797,-13.967410943863797,-279.34821887727594,20297,20312
TRD-4F5641E882F5,2026-04-17 04:05:00+00:00,2026-04-17 04:06:00+00:00,2026-04-17 04:18:00+00:00,NQM6,trend_transition_long,asia,1,26463.75,26476.5,26457.22790162022,26476.5,trend_range_target,target,12,12.75,11.25,225.0,20475,20487
TRD-DB1F07E52B1A,2026-04-17 05:37:00+00:00,2026-04-17 05:38:00+00:00,2026-04-17 06:08:00+00:00,NQM6,trend_transition_long,asia,1,26461.5,26471.0,26444.762859520524,26481.75,trend_range_target,max_hold,30,9.5,8.0,160.0,20567,20597
TRD-2D6582569468,2026-04-17 07:01:00+00:00,2026-04-17 07:02:00+00:00,2026-04-17 07:32:00+00:00,NQM6,trend_transition_long,europe,1,26472.25,26472.0,26458.287222666102,26507.156943334747,fixed_r,max_hold,30,-0.25,-1.75,-35.0,20651,20681
TRD-5B7826605ACC,2026-04-17 07:44:00+00:00,2026-04-17 07:45:00+00:00,2026-04-17 08:15:00+00:00,NQM6,trend_pullback_long,europe,1,26481.75,26482.75,26469.245890064398,26516.3125,trend_pullback_extension,max_hold,30,1.0,-0.5,-10.0,20694,20724
TRD-E2B402C3DF7F,2026-04-17 08:41:00+00:00,2026-04-17 08:42:00+00:00,2026-04-17 09:09:00+00:00,NQM6,trend_transition_long,europe,1,26507.25,26520.176012680447,26495.775118477595,26535.93720380601,fixed_r,protective_stop,27,12.926012680447457,11.426012680447457,228.52025360894913,20751,20778
TRD-AA2AF950248D,2026-04-17 11:17:00+00:00,2026-04-17 11:18:00+00:00,2026-04-17 11:40:00+00:00,NQM6,trend_transition_long,europe,1,26539.0,26545.11239852269,26529.043986790963,26563.890033022595,fixed_r,protective_stop,22,6.112398522691365,4.612398522691365,92.24797045382729,20907,20929
TRD-06B8F75E9958,2026-04-17 11:50:00+00:00,2026-04-17 11:51:00+00:00,2026-04-17 12:05:00+00:00,NQM6,trend_transition_long,europe,1,26559.75,26590.282707189614,26547.536917124155,26590.282707189614,fixed_r,target,14,30.532707189613575,29.032707189613575,580.6541437922715,20940,20954
TRD-98AFDCF2C982,2026-04-17 12:30:00+00:00,2026-04-17 12:31:00+00:00,2026-04-17 12:59:00+00:00,NQM6,trend_transition_long,europe,1,26640.5,26739.557980932404,26600.87680762704,26739.557980932404,fixed_r,target,28,99.05798093240446,97.55798093240446,1951.1596186480892,20980,21008
TRD-678724A809FC,2026-04-17 14:31:00+00:00,2026-04-17 14:32:00+00:00,2026-04-17 14:55:00+00:00,NQM6,trend_pullback_long,us_rth,1,26768.25,26825.524118746136,26729.1505765048,26885.548270485604,trend_pullback_extension,protective_stop,23,57.27411874613608,55.77411874613608,1115.4823749227216,21101,21124
TRD-A96A34A2FC7F,2026-04-17 20:38:00+00:00,2026-04-17 20:39:00+00:00,2026-04-19 22:00:00+00:00,NQM6,trend_transition_long,us_late,1,26839.75,26827.12788935014,26827.12788935014,26871.305276624647,fixed_r,protective_stop,21,-12.622110649859678,-14.122110649859678,-282.44221299719356,21468,21489
TRD-B1BB5EB96764,2026-04-20 01:01:00+00:00,2026-04-20 01:02:00+00:00,2026-04-20 01:32:00+00:00,NQM6,trend_transition_long,asia,1,26673.0,26695.5,26644.40273337437,26744.493166564076,fixed_r,max_hold,30,22.5,21.0,420.0,21671,21701
TRD-A25E433D04BE,2026-04-20 01:39:00+00:00,2026-04-20 01:40:00+00:00,2026-04-20 02:10:00+00:00,NQM6,trend_transition_long,asia,1,26704.0,26693.75,26689.085867495225,26741.285331261937,fixed_r,max_hold,30,-10.25,-11.75,-235.0,21709,21739
TRD-170ABE058E2A,2026-04-20 06:30:00+00:00,2026-04-20 06:31:00+00:00,2026-04-20 06:47:00+00:00,NQM6,trend_transition_long,asia,1,26665.0,26648.25785999605,26648.25785999605,26706.85535000987,fixed_r,protective_stop,16,-16.742140003949316,-18.242140003949316,-364.84280007898633,22000,22016
TRD-8BB5EC79F926,2026-04-20 06:56:00+00:00,2026-04-20 06:57:00+00:00,2026-04-20 07:27:00+00:00,NQM6,trend_transition_long,asia,1,26690.75,26691.5,26637.651630367887,26823.495924080282,fixed_r,max_hold,30,0.75,-0.75,-15.0,22026,22056
TRD-B0E2C758D0E6,2026-04-20 08:50:00+00:00,2026-04-20 08:51:00+00:00,2026-04-20 09:00:00+00:00,NQM6,trend_transition_long,europe,1,26684.75,26692.80819853317,26666.826526708915,26721.25,trend_range_target,protective_stop,9,8.05819853317007,6.558198533170071,131.16397066340141,22140,22149
TRD-CB9314C75A61,2026-04-20 09:30:00+00:00,2026-04-20 09:31:00+00:00,2026-04-20 10:01:00+00:00,NQM6,trend_pullback_long,europe,1,26708.75,26697.0,26689.097667149043,26767.706998552872,trend_pullback_extension,max_hold,30,-11.75,-13.25,-265.0,22180,22210
TRD-8694CDA4C688,2026-04-20 12:43:00+00:00,2026-04-20 12:44:00+00:00,2026-04-20 12:50:00+00:00,NQM6,trend_pullback_long,europe,1,26737.5,26765.25,26712.136876110264,26765.25,trend_pullback_extension,target,6,27.75,26.25,525.0,22373,22379
TRD-3B0DA47F8A51,2026-04-20 13:08:00+00:00,2026-04-20 13:09:00+00:00,2026-04-20 13:39:00+00:00,NQM6,trend_pullback_long,europe,1,26781.0,26747.5,26723.847783025118,26923.880542437204,fixed_r,max_hold,30,-33.5,-35.0,-700.0,22398,22428
TRD-7C5E22E7D379,2026-04-20 16:20:00+00:00,2026-04-20 16:21:00+00:00,2026-04-20 16:51:00+00:00,NQM6,trend_transition_long,us_rth,1,26684.25,26678.5,26664.03061390257,26721.0,trend_range_target,max_hold,30,-5.75,-7.25,-145.0,22590,22620
TRD-F8387F9E1086,2026-04-20 19:58:00+00:00,2026-04-20 19:59:00+00:00,2026-04-20 20:29:00+00:00,NQM6,trend_transition_long,us_rth,1,26743.0,26743.5,26721.556915038567,26796.60771240358,fixed_r,max_hold,30,0.5,-1.0,-20.0,22808,22838
TRD-EE026190B3F9,2026-04-20 22:05:00+00:00,2026-04-20 22:06:00+00:00,2026-04-20 22:36:00+00:00,NQM6,trend_transition_long,us_late,1,26811.25,26802.5,26786.35478681347,26873.488032966325,fixed_r,max_hold,30,-8.75,-10.25,-205.0,22875,22905
TRD-88012C454D45,2026-04-21 01:29:00+00:00,2026-04-21 01:30:00+00:00,2026-04-21 01:43:00+00:00,NQM6,trend_transition_long,asia,1,26829.75,26820.324321030123,26820.324321030123,26853.314197424694,fixed_r,protective_stop,13,-9.425678969877481,-10.925678969877481,-218.51357939754962,23079,23092
TRD-CC381C5785FA,2026-04-21 04:24:00+00:00,2026-04-21 04:25:00+00:00,2026-04-21 04:55:00+00:00,NQM6,trend_transition_long,asia,1,26825.0,26825.5,26819.461843313362,26838.845391716597,fixed_r,max_hold,30,0.5,-1.0,-20.0,23254,23284
TRD-13BD33D54689,2026-04-21 05:04:00+00:00,2026-04-21 05:05:00+00:00,2026-04-21 05:07:00+00:00,NQM6,trend_transition_long,asia,1,26832.25,26836.933867067277,26824.94984447184,26850.500388820397,fixed_r,protective_stop,2,4.6838670672768785,3.1838670672768785,63.67734134553757,23294,23296
TRD-D2A0616DABED,2026-04-21 08:42:00+00:00,2026-04-21 08:43:00+00:00,2026-04-21 08:52:00+00:00,NQM6,trend_transition_long,europe,1,26836.25,26844.07071603953,26826.336853978355,26861.032865054112,fixed_r,protective_stop,9,7.820716039528634,6.320716039528634,126.41432079057267,23511,23520
TRD-0F7E117533E0,2026-04-21 09:49:00+00:00,2026-04-21 09:50:00+00:00,2026-04-21 09:56:00+00:00,NQM6,trend_transition_long,europe,1,26833.25,26838.281756241555,26824.994626310574,26854.75,trend_range_target,protective_stop,6,5.031756241554831,3.531756241554831,70.63512483109662,23578,23584
TRD-577DA042009A,2026-04-21 10:08:00+00:00,2026-04-21 10:09:00+00:00,2026-04-21 10:39:00+00:00,NQM6,trend_transition_long,europe,1,26852.75,26860.25,26840.012949461037,26884.592626347407,fixed_r,max_hold,30,7.5,6.0,120.0,23597,23627
TRD-D7E7ECCF477A,2026-04-21 18:54:00+00:00,2026-04-21 18:55:00+00:00,2026-04-21 19:25:00+00:00,NQM6,trend_transition_long,us_rth,1,26726.75,26779.75,26654.176760977374,26908.183097556564,fixed_r,max_hold,30,53.0,51.5,1030.0,24123,24153
TRD-D29B1881B98F,2026-04-21 22:00:00+00:00,2026-04-21 22:01:00+00:00,2026-04-21 22:31:00+00:00,NQM6,trend_transition_long,us_late,1,26749.25,26745.5,26714.425324054253,26794.25,trend_range_target,max_hold,30,-3.75,-5.25,-105.0,24249,24279
TRD-4B1440016761,2026-04-21 23:38:00+00:00,2026-04-21 23:39:00+00:00,2026-04-22 00:00:00+00:00,NQM6,trend_transition_long,asia,1,26755.25,26780.099458192602,26745.31021672296,26780.099458192602,fixed_r,target,21,24.84945819260247,23.34945819260247,466.9891638520494,24347,24368
TRD-D59DDECCFCBC,2026-04-22 00:09:00+00:00,2026-04-22 00:10:00+00:00,2026-04-22 00:15:00+00:00,NQM6,trend_transition_long,asia,1,26791.5,26798.25376087808,26775.44402330251,26831.639941743728,fixed_r,protective_stop,5,6.753760878080357,5.253760878080357,105.07521756160713,24378,24383
TRD-866846AED51D,2026-04-22 07:27:00+00:00,2026-04-22 07:28:00+00:00,2026-04-22 07:58:00+00:00,NQM6,trend_pullback_long,europe,1,26848.5,26849.0,26832.672069034033,26882.9375,trend_pullback_extension,max_hold,30,0.5,-1.0,-20.0,24816,24846
TRD-BC631AF78747,2026-04-22 11:49:00+00:00,2026-04-22 11:50:00+00:00,2026-04-22 12:02:00+00:00,NQM6,trend_transition_long,europe,1,26829.75,26849.75,26814.240684985118,26849.75,trend_range_target,target,12,20.0,18.5,370.0,25078,25090
TRD-5A26A108C2C8,2026-04-22 19:47:00+00:00,2026-04-22 19:48:00+00:00,2026-04-22 19:52:00+00:00,NQM6,trend_transition_long,us_rth,1,27060.25,27068.149062565113,27044.327629623906,27100.055925940236,fixed_r,protective_stop,4,7.899062565113127,6.399062565113127,127.98125130226254,25556,25560
TRD-4914599DE05A,2026-04-22 20:02:00+00:00,2026-04-22 20:03:00+00:00,2026-04-22 20:33:00+00:00,NQM6,trend_transition_long,us_late,1,27101.0,27108.5,27071.29489097083,27175.26277257293,fixed_r,max_hold,30,7.5,6.0,120.0,25571,25601
TRD-0F528FE7A275,2026-04-22 23:45:00+00:00,2026-04-22 23:46:00+00:00,2026-04-23 00:00:00+00:00,NQM6,trend_pullback_long,asia,1,27094.25,27086.66638205462,27086.66638205462,27116.8125,trend_pullback_extension,protective_stop,14,-7.583617945379956,-9.083617945379956,-181.67235890759912,25734,25748
TRD-FEE9AFE2A0E1,2026-04-23 04:12:00+00:00,2026-04-23 04:13:00+00:00,2026-04-23 04:41:00+00:00,NQM6,trend_transition_long,asia,1,26923.0,26939.386519388347,26907.83843157292,26968.48470528124,trend_range_target,protective_stop,28,16.386519388346642,14.886519388346642,297.73038776693284,26001,26029
TRD-A769DCD2D182,2026-04-23 04:59:00+00:00,2026-04-23 05:00:00+00:00,2026-04-23 05:07:00+00:00,NQM6,trend_transition_long,asia,1,26956.0,26956.18930720666,26948.117459079614,26975.706352300964,fixed_r,protective_stop,7,0.1893072066595778,-1.3106927933404222,-26.213855866808444,26048,26055
TRD-619D59EDC4EB,2026-04-23 13:36:00+00:00,2026-04-23 13:37:00+00:00,2026-04-23 13:47:00+00:00,NQM6,trend_transition_long,us_rth,1,27033.25,27079.75,26988.052090040226,27079.75,trend_range_target,target,10,46.5,45.0,900.0,26565,26575
TRD-6F2259540727,2026-04-23 22:00:00+00:00,2026-04-23 22:01:00+00:00,2026-04-23 22:31:00+00:00,NQM6,trend_transition_long,us_late,1,27020.25,27034.75,26976.07970672418,27130.67573318955,fixed_r,max_hold,30,14.5,13.0,260.0,27009,27039
TRD-B3E0DA465F37,2026-04-23 22:48:00+00:00,2026-04-23 22:49:00+00:00,2026-04-23 23:19:00+00:00,NQM6,trend_transition_long,us_late,1,27047.25,27037.25,27030.467834200757,27089.20541449811,fixed_r,max_hold,30,-10.0,-11.5,-230.0,27057,27087
TRD-014D2363F1FA,2026-04-24 00:00:00+00:00,2026-04-24 00:01:00+00:00,2026-04-24 00:04:00+00:00,NQM6,trend_transition_long,asia,1,27085.75,27073.834111714667,27073.834111714667,27115.539720713336,fixed_r,protective_stop,3,-11.915888285333494,-13.415888285333494,-268.3177657066699,27129,27132
TRD-0EC5EA7F719E,2026-04-24 00:30:00+00:00,2026-04-24 00:31:00+00:00,2026-04-24 00:42:00+00:00,NQM6,trend_transition_long,asia,1,27133.5,27115.845596630043,27115.845596630043,27177.636008424895,fixed_r,protective_stop,11,-17.654403369957436,-19.154403369957436,-383.0880673991487,27159,27170
TRD-31E930FF7BC8,2026-04-24 05:15:00+00:00,2026-04-24 05:16:00+00:00,2026-04-24 05:46:00+00:00,NQM6,trend_transition_long,asia,1,27056.25,27075.5,27039.22795321919,27098.805116952026,fixed_r,max_hold,30,19.25,17.75,355.0,27444,27474
TRD-31146D7F3667,2026-04-24 05:52:00+00:00,2026-04-24 05:53:00+00:00,2026-04-24 06:05:00+00:00,NQM6,trend_transition_long,asia,1,27084.5,27090.192197446508,27077.266421047214,27102.583947381965,fixed_r,protective_stop,12,5.692197446507635,4.192197446507635,83.84394893015269,27481,27493
TRD-B2DF752496A6,2026-04-24 07:02:00+00:00,2026-04-24 07:03:00+00:00,2026-04-24 07:24:00+00:00,NQM6,trend_transition_long,europe,1,27092.25,27097.24732746206,27079.335546021375,27124.53613494656,fixed_r,protective_stop,21,4.997327462060639,3.497327462060639,69.94654924121278,27551,27572
TRD-D1025FA6EFE4,2026-04-24 08:15:00+00:00,2026-04-24 08:16:00+00:00,2026-04-24 08:21:00+00:00,NQM6,trend_pullback_long,europe,1,27114.5,27150.75,27081.696156204485,27150.75,trend_pullback_extension,target,5,36.25,34.75,695.0,27624,27629
TRD-2DD458576BF6,2026-04-24 10:03:00+00:00,2026-04-24 10:04:00+00:00,2026-04-24 10:26:00+00:00,NQM6,trend_transition_long,europe,1,27125.75,27173.074336957834,27106.820265216866,27173.074336957834,fixed_r,target,22,47.32433695783402,45.82433695783402,916.4867391566804,27732,27754
TRD-13AFE7627B19,2026-04-24 11:04:00+00:00,2026-04-24 11:05:00+00:00,2026-04-24 11:07:00+00:00,NQM6,trend_pullback_long,europe,1,27210.5,27267.75,27168.095771366807,27267.75,trend_pullback_extension,target,2,57.25,55.75,1115.0,27793,27795
TRD-FD88C1629FB8,2026-04-24 15:44:00+00:00,2026-04-24 15:45:00+00:00,2026-04-24 16:15:00+00:00,NQM6,trend_pullback_long,us_rth,1,27384.25,27369.5,27293.84200138945,27477.5,trend_pullback_extension,max_hold,30,-14.75,-16.25,-325.0,28073,28103
TRD-5F60ED1EE3F3,2026-04-24 17:36:00+00:00,2026-04-24 17:37:00+00:00,2026-04-24 17:55:00+00:00,NQM6,trend_transition_long,us_rth,1,27416.75,27439.120976290928,27388.931730384436,27486.29567403891,fixed_r,protective_stop,18,22.3709762909275,20.8709762909275,417.41952581855,28185,28203
TRD-36416B62C0FE,2026-04-24 19:00:00+00:00,2026-04-24 19:01:00+00:00,2026-04-24 19:23:00+00:00,NQM6,trend_pullback_long,us_rth,1,27419.0,27438.7281306628,27397.081209009324,27484.756372972028,trend_pullback_extension,protective_stop,22,19.72813066279923,18.22813066279923,364.5626132559846,28269,28291
TRD-257906379B61,2026-04-24 20:31:00+00:00,2026-04-24 20:32:00+00:00,2026-04-26 22:00:00+00:00,NQM6,trend_transition_long,us_late,1,27430.5,27418.639519456603,27418.639519456603,27454.5,trend_range_target,protective_stop,28,-11.860480543396989,-13.360480543396989,-267.2096108679398,28360,28388
TRD-79B7F12E1E18,2026-04-27 00:00:00+00:00,2026-04-27 00:01:00+00:00,2026-04-27 00:31:00+00:00,NQM6,trend_transition_long,asia,1,27393.0,27413.0,27371.958943959606,27445.602640100988,fixed_r,max_hold,30,20.0,18.5,370.0,28509,28539
TRD-ABA6C41F1D95,2026-04-27 00:40:00+00:00,2026-04-27 00:41:00+00:00,2026-04-27 00:58:00+00:00,NQM6,trend_transition_long,asia,1,27431.75,27467.657719585957,27417.386912165617,27467.657719585957,fixed_r,target,17,35.90771958595724,34.40771958595724,688.1543917191448,28549,28566
TRD-BA40DDF10142,2026-04-27 01:29:00+00:00,2026-04-27 01:30:00+00:00,2026-04-27 01:57:00+00:00,NQM6,trend_transition_long,asia,1,27495.75,27525.66394487337,27471.780375432605,27555.67406141849,fixed_r,protective_stop,27,29.913944873369473,28.413944873369473,568.2788974673895,28598,28625
TRD-DBDDF61E6BE3,2026-04-27 09:17:00+00:00,2026-04-27 09:18:00+00:00,2026-04-27 09:20:00+00:00,NQM6,trend_transition_long,europe,1,27454.0,27443.78335935329,27443.78335935329,27479.54160161678,fixed_r,protective_stop,2,-10.216640646711312,-11.716640646711312,-234.33281293422624,29066,29068
TRD-63D7041B6CF7,2026-04-27 09:31:00+00:00,2026-04-27 09:32:00+00:00,2026-04-27 10:02:00+00:00,NQM6,trend_transition_long,europe,1,27458.0,27457.0,27446.018088134326,27487.954779664185,fixed_r,max_hold,30,-1.0,-2.5,-50.0,29080,29110
TRD-EA7529DCE6AA,2026-04-27 10:36:00+00:00,2026-04-27 10:37:00+00:00,2026-04-27 10:46:00+00:00,NQM6,trend_transition_long,europe,1,27465.5,27471.34773561039,27455.422022673883,27490.69494331529,fixed_r,protective_stop,9,5.847735610390373,4.347735610390373,86.95471220780746,29145,29154
TRD-0D98833348BB,2026-04-27 11:23:00+00:00,2026-04-27 11:24:00+00:00,2026-04-27 11:37:00+00:00,NQM6,trend_transition_long,europe,1,27496.25,27482.658673317866,27482.658673317866,27530.228316705332,fixed_r,protective_stop,13,-13.591326682133513,-15.091326682133513,-301.82653364267026,29192,29205
TRD-7B33FFD62F83,2026-04-27 16:35:00+00:00,2026-04-27 16:36:00+00:00,2026-04-27 16:57:00+00:00,NQM6,trend_transition_long,us_rth,1,27395.75,27380.950458306685,27380.950458306685,27432.748854233287,fixed_r,protective_stop,21,-14.799541693315405,-16.299541693315405,-325.9908338663081,29504,29525
TRD-07CC8C79A626,2026-04-27 18:09:00+00:00,2026-04-27 18:10:00+00:00,2026-04-27 18:40:00+00:00,NQM6,trend_pullback_long,us_rth,1,27433.5,27418.25,27416.887056818927,27483.33882954322,trend_pullback_extension,max_hold,30,-15.25,-16.75,-335.0,29598,29628
TRD-BD4559CB2D29,2026-04-27 19:31:00+00:00,2026-04-27 19:32:00+00:00,2026-04-27 19:37:00+00:00,NQM6,trend_transition_long,us_rth,1,27432.25,27416.31055105146,27416.31055105146,27472.098622371348,fixed_r,protective_stop,5,-15.939448948538484,-17.439448948538484,-348.7889789707697,29680,29685
TRD-643F28A2F5AF,2026-04-27 22:01:00+00:00,2026-04-27 22:02:00+00:00,2026-04-27 22:06:00+00:00,NQM6,trend_transition_long,us_late,1,27444.0,27482.223322682752,27428.7106709269,27482.223322682752,fixed_r,target,4,38.22332268275204,36.72332268275204,734.4664536550408,29770,29774
